material_id,material_name,family_id,split_group_id,normalized_rock_type,classification_cohort,series_id
r407,R407,fam_e3d87959f617,sg_2868e95e59fe,BASALT,I_T,family_fam_e3d87959f617
r121,R121,fam_c2df51122e6e,sg_2ef91c8c11d6,BASALT,I_T,family_fam_c2df51122e6e
umass18311,UMASS18311,fam_8582871013f9,sg_30d2a0884b40,BASALT,I_T,family_fam_8582871013f9
hsdp230,HSDP230,fam_1b190bd277a5,sg_38066ae6b555,BASALT,I_T,family_fam_1b190bd277a5
hsdp123,HSDP123,fam_480dbf6a0f3c,sg_5c4a687e425b,BASALT,I_T,family_fam_480dbf6a0f3c
kh16k,KH16K,fam_18d6c509a7b3,sg_87cf37476e75,BASALT,I_T,family_fam_18d6c509a7b3
w12,W12,fam_c9f0ec5c99dd,sg_bcc09a64b229,BASALT,I_T,family_fam_c9f0ec5c99dd
tt63297,TT63297,fam_4f155e07991d,sg_dc7c9349910b,BASALT,I_T,family_fam_4f155e07991d
ow1505,OW1505,fam_4ca1ad30160b,sg_1827bc8c6bca,BASALTICANDESITE,I_T,family_fam_4ca1ad30160b
vh51,VH51,fam_85e3389b7058,sg_2d693c93d54e,BASALTICANDESITE,I_T,family_fam_85e3389b7058
vh98po,VH98PO,fam_d1483df236c1,sg_352700cc8806,BASALTICANDESITE,I_T,family_fam_d1483df236c1
vh57,VH57,fam_84fe55df84c1,sg_4e6d10057b72,BASALTICANDESITE,I_T,family_fam_84fe55df84c1
roza873,ROZA873,fam_032dbff5946d,sg_8018dfd0450d,BASALTICANDESITE,I_T,family_fam_032dbff5946d
84m,84M,fam_bc020fd9d0e8,sg_a720d58d4dea,BASALTICANDESITE,I_T,family_fam_bc020fd9d0e8
ldm228,LDM228,fam_8ba1e3026a11,sg_da490a69b702,BASALTICANDESITE,I_T,family_fam_8ba1e3026a11
vh93d,VH93D,fam_e6e7c96bebac,sg_f18fadb81138,BASALTICANDESITE,I_T,family_fam_e6e7c96bebac
vh200m,VH200M,fam_89e5ede30e00,sg_231716207175,RHYOLITE,I_T,family_fam_89e5ede30e00
c12ma187,C12MA187,fam_3d2f0771eb8d,sg_2dab62143dc6,RHYOLITE,I_T,family_fam_3d2f0771eb8d
ldm89,LDM89,fam_5cf25a5948e9,sg_430e8874512c,RHYOLITE,I_T,family_fam_5cf25a5948e9
ldm158,LDM158,fam_56d14c8bfd18,sg_4d1a7e93beb4,RHYOLITE,I_T,family_fam_56d14c8bfd18
dkm1190,DKM1190,fam_d8c2dcbca31d,sg_54df2dfed553,RHYOLITE,I_T,family_fam_d8c2dcbca31d
n10ma14,N10MA14,fam_25c2b483a052,sg_913c4464bef7,RHYOLITE,I_T,family_fam_25c2b483a052
mr0618,MR0618,fam_de79c252d54a,sg_981c660d2404,RHYOLITE,I_T,family_fam_de79c252d54a
ldm156,LDM156,fam_2271f63d0052,sg_a7d16c410024,RHYOLITE,I_T,family_fam_2271f63d0052
ldm88,LDM88,fam_0582fdccd1fd,sg_1eec3add8cfc,TRACHYANDESITE,I_T,family_fam_0582fdccd1fd
g19mt,G19MT,fam_2691978976d0,sg_33bfe64e2d36,TRACHYANDESITE,I_T,family_fam_2691978976d0
g7mt,G7MT,fam_a29931fbe272,sg_7331c0c67f54,TRACHYANDESITE,I_T,family_fam_a29931fbe272
ldm245,LDM245,fam_1fd373e64ae9,sg_818f96a3d848,TRACHYANDESITE,I_T,family_fam_1fd373e64ae9
kh2,KH2,fam_227d3eea6b04,sg_83fdbfe3d48c,TRACHYANDESITE,I_T,family_fam_227d3eea6b04
iah4,IAH4,fam_2e5994b48d1f,sg_8f94e390d80f,TRACHYANDESITE,I_T,family_fam_2e5994b48d1f
g4mt,G4MT,fam_df5989759601,sg_9a23ab7e5a58,TRACHYANDESITE,I_T,family_fam_df5989759601
bk2,BK2,fam_9439fc1955ce,sg_c86ec50e43da,TRACHYANDESITE,I_T,family_fam_9439fc1955ce
ow2486,OW2486,fam_8f855072a472,sg_506de416633c,BASALT,I_V,family_fam_8f855072a472
hsdp284aa,HSDP284AA,fam_a653dd5af83a,sg_60c4adcb365f,BASALT,I_V,family_fam_a653dd5af83a
hsdp284ab,HSDP284AB,fam_a653dd5af83a,sg_60c4adcb365f,BASALT,I_V,family_fam_a653dd5af83a
43d14,43D14,fam_677c623d7d50,sg_b2a2b23b89ea,BASALT,I_V,family_fam_677c623d7d50
hsdp140,HSDP140,fam_c58ac8a72086,sg_f070edd34885,BASALT,I_V,family_fam_c58ac8a72086
ca28,CA28,fam_e2c56fef0030,sg_7c59d0431fcb,BASALTICANDESITE,I_V,family_fam_e2c56fef0030
vh45,VH45,fam_59d09326afad,sg_c8cbbea47da2,BASALTICANDESITE,I_V,family_fam_59d09326afad
ldm8,LDM8,fam_f54033d8f194,sg_cd9385893304,BASALTICANDESITE,I_V,family_fam_f54033d8f194
rki1,RKI1,fam_746efde876a0,sg_df8ea5454aa9,BASALTICANDESITE,I_V,family_fam_746efde876a0
buck901,BUCK901,fam_d5f097c55fa6,sg_030e5545e349,RHYOLITE,I_V,family_fam_d5f097c55fa6
r2098m,R2098M,fam_bf9950f24559,sg_1e78365cdc82,RHYOLITE,I_V,family_fam_bf9950f24559
tr3323a,TR3323A,fam_240545212564,sg_7847493bd9a7,RHYOLITE,I_V,family_fam_240545212564
snp968,SNP968,fam_ddc381301c8c,sg_dad53502c9ac,RHYOLITE,I_V,family_fam_ddc381301c8c
g6mt,G6MT,fam_d64f3f9f763a,sg_2fa16bc81bac,TRACHYANDESITE,I_V,family_fam_d64f3f9f763a
g21mt,G21MT,fam_724856978cb6,sg_70b0e87d2ad5,TRACHYANDESITE,I_V,family_fam_724856978cb6
suny67,SUNY67,fam_5cc9b3dee38f,sg_bedc744d0b9c,TRACHYANDESITE,I_V,family_fam_5cc9b3dee38f
ldm238,LDM238,fam_42004c6cd824,sg_c584dee87785,TRACHYANDESITE,I_V,family_fam_42004c6cd824
hsdp152,HSDP152,fam_1e3fbdeb7138,sg_0118748c621e,BASALT,TRAIN,family_fam_1e3fbdeb7138
dc42465,DC42465,fam_3006be0bbc9d,sg_01cc31855604,BASALT,TRAIN,family_fam_3006be0bbc9d
w11,W11,fam_e3a5ccfe1004,sg_029be2a884cf,BASALT,TRAIN,family_fam_e3a5ccfe1004
63d1,63D1,fam_b3f8d347a8e7,sg_030caf1552d9,BASALT,TRAIN,family_fam_b3f8d347a8e7
rir870,RIR870,fam_3ac7b302d757,sg_040460e2e92e,BASALT,TRAIN,family_fam_3ac7b302d757
ran7,RAN7,fam_54ef4a6576b0,sg_044c86952b86,BASALT,TRAIN,family_fam_54ef4a6576b0
68d23,68D23,fam_2f958d93157b,sg_0457fe1a60ba,BASALT,TRAIN,family_fam_2f958d93157b
sk173,SK173,fam_08f85da315c6,sg_04a86b611af7,BASALT,TRAIN,family_fam_08f85da315c6
mg3,MG3,fam_8b6ed963aa88,sg_04a9e3362c71,BASALT,TRAIN,family_fam_8b6ed963aa88
68d12,68D12,fam_311890a5ef62,sg_04e3618d01fb,BASALT,TRAIN,family_fam_311890a5ef62
sk219,SK219,fam_c05b579cc89a,sg_050f232582c2,BASALT,TRAIN,family_fam_c05b579cc89a
hsdp16,HSDP16,fam_5aae56bcab76,sg_0531df1e09b5,BASALT,TRAIN,family_fam_5aae56bcab76
hsdp16a,HSDP16A,fam_5aae56bcab76,sg_0531df1e09b5,BASALT,TRAIN,family_fam_5aae56bcab76
ml45,ML45,fam_b2de18d9fb37,sg_05a8058c48a3,BASALT,TRAIN,series_ml
hsdp15,HSDP15,fam_793dc3d356fa,sg_05c26b291392,BASALT,TRAIN,family_fam_793dc3d356fa
umass1823a,UMASS1823A,fam_88b897eb3bfc,sg_0654dcc28b7d,BASALT,TRAIN,family_fam_88b897eb3bfc
sk138,SK138,fam_f18d4835a772,sg_0699c2c1d70d,BASALT,TRAIN,family_fam_f18d4835a772
14d18,14D18,fam_abd3bdfb61bd,sg_06d788c91a64,BASALT,TRAIN,family_fam_abd3bdfb61bd
w7,W7,fam_3caf47a77e98,sg_06f6af400d1c,BASALT,TRAIN,family_fam_3caf47a77e98
umass1849,UMASS1849,fam_ace6cec9ac33,sg_073def565ff8,BASALT,TRAIN,family_fam_ace6cec9ac33
kv0421,KV0421,fam_a63705f99b31,sg_083646040170,BASALT,TRAIN,family_fam_a63705f99b31
hsdp181,HSDP181,fam_aafb6799813d,sg_087681bc191c,BASALT,TRAIN,family_fam_aafb6799813d
68d51,68D51,fam_7cb85d6cd2fd,sg_08d55638823d,BASALT,TRAIN,family_fam_7cb85d6cd2fd
tt17068d,TT17068D,fam_7cb85d6cd2fd,sg_08d55638823d,BASALT,TRAIN,family_fam_7cb85d6cd2fd
vh96p,VH96P,fam_a97dd659bf21,sg_092b3bccd5d1,BASALT,TRAIN,family_fam_a97dd659bf21
hsdp12,HSDP12,fam_17d9d5f54093,sg_09470692869a,BASALT,TRAIN,family_fam_17d9d5f54093
hsdp118,HSDP118,fam_315ea91578bf,sg_099ed58fea36,BASALT,TRAIN,family_fam_315ea91578bf
iah226,IAH226,fam_89e305df5c5b,sg_09a4e725cc18,BASALT,TRAIN,family_fam_89e305df5c5b
mg8a,MG8A,fam_deeedd1f08b6,sg_09ab17b8ef94,BASALT,TRAIN,family_fam_deeedd1f08b6
iahas2,IAHAS2,fam_fa084b96bfe6,sg_09f4ad46e2e4,BASALT,TRAIN,family_fam_fa084b96bfe6
hsdp148a,HSDP148A,fam_59ce10ef08da,sg_0a1ae90189c3,BASALT,TRAIN,family_fam_59ce10ef08da
53d21,53D21,fam_97ce9ef81db9,sg_0a73fa87ed0e,BASALT,TRAIN,family_fam_97ce9ef81db9
r126,R126,fam_5136c6387811,sg_0ad48b71b20b,BASALT,TRAIN,family_fam_5136c6387811
vh80d,VH80D,fam_2738a868c302,sg_0bb078b0af2f,BASALT,TRAIN,family_fam_2738a868c302
48d1,48D1,fam_c0c1fd97d5d0,sg_0bc4d581abf2,BASALT,TRAIN,family_fam_c0c1fd97d5d0
stbk0302,STBK0302,fam_42ee7b26f865,sg_0cca86b74dd5,BASALT,TRAIN,family_fam_42ee7b26f865
hsdp329,HSDP329,fam_15ca1a5f8992,sg_0d781723aa47,BASALT,TRAIN,family_fam_15ca1a5f8992
r915,R915,fam_15ca1a5f8992,sg_0d781723aa47,BASALT,TRAIN,family_fam_15ca1a5f8992
21d21,21D21,fam_b72938aefcd9,sg_0e79e929eb0e,BASALT,TRAIN,family_fam_b72938aefcd9
umass1859a,UMASS1859A,fam_c183da40e462,sg_0ee5d5b380eb,BASALT,TRAIN,family_fam_c183da40e462
hsdp288a,HSDP288A,fam_f401a3ab0150,sg_0f742eb9024e,BASALT,TRAIN,family_fam_f401a3ab0150
30d11,30D11,fam_5314fd468f78,sg_0f90748d13d5,BASALT,TRAIN,family_fam_5314fd468f78
hsdp312,HSDP312,fam_c92d548ffa66,sg_0f985492624a,BASALT,TRAIN,family_fam_c92d548ffa66
hsdp312a,HSDP312A,fam_c92d548ffa66,sg_0f985492624a,BASALT,TRAIN,family_fam_c92d548ffa66
hsdp176,HSDP176,fam_04a443aaa6e8,sg_0fce25651c7a,BASALT,TRAIN,family_fam_04a443aaa6e8
hsdp93,HSDP93,fam_ab0213b1844c,sg_0feda219e343,BASALT,TRAIN,family_fam_ab0213b1844c
ner29,NER29,fam_5fd9995880fa,sg_100b691ef486,BASALT,TRAIN,family_fam_5fd9995880fa
72d67,72D67,fam_e4f0ab0f7cb0,sg_10c204d683ba,BASALT,TRAIN,family_fam_e4f0ab0f7cb0
60d10,60D10,fam_ac0ef5da7268,sg_10ec62b691ba,BASALT,TRAIN,family_fam_ac0ef5da7268
29d2,29D2,fam_be06a6ac40d8,sg_10fb815903f1,BASALT,TRAIN,family_fam_be06a6ac40d8
ow9902,OW9902,fam_1f5dc88d64d5,sg_11b2ddbc679f,BASALT,TRAIN,family_fam_1f5dc88d64d5
hsdp278a,HSDP278A,fam_95da51cc27b3,sg_11ec1163a3fd,BASALT,TRAIN,family_fam_95da51cc27b3
ow2418,OW2418,fam_06b91f4e4209,sg_1305e5497354,BASALT,TRAIN,family_fam_06b91f4e4209
41d34,41D34,fam_cfb04d7a6aef,sg_13208857b455,BASALT,TRAIN,family_fam_cfb04d7a6aef
stbk0301,STBK0301,fam_b69934d9f75b,sg_13455220e909,BASALT,TRAIN,family_fam_b69934d9f75b
hsdp163,HSDP163,fam_01c0fd3cb837,sg_1386903ce8b4,BASALT,TRAIN,family_fam_01c0fd3cb837
72d53,72D53,fam_206f8635f49a,sg_13c794f75a9d,BASALT,TRAIN,family_fam_206f8635f49a
iahg2,IAHG2,fam_66d71f624cf0,sg_142d7e9c1411,BASALT,TRAIN,family_fam_66d71f624cf0
iahg7,IAHG7,fam_c862bbca1df1,sg_148c0fc00026,BASALT,TRAIN,family_fam_c862bbca1df1
21d41,21D41,fam_cbf5c93da71c,sg_14d27f0560c6,BASALT,TRAIN,family_fam_cbf5c93da71c
hsdp260a,HSDP260A,fam_f203df2785d7,sg_160d243466cd,BASALT,TRAIN,family_fam_f203df2785d7
iahi7,IAHI7,fam_d91ccb431d4d,sg_161f18823c24,BASALT,TRAIN,family_fam_d91ccb431d4d
hsdp80,HSDP80,fam_1144935e639d,sg_16c5b3d0a547,BASALT,TRAIN,family_fam_1144935e639d
hsdp80a,HSDP80A,fam_1144935e639d,sg_16c5b3d0a547,BASALT,TRAIN,family_fam_1144935e639d
vh101p,VH101P,fam_9334bda69568,sg_16c9fe576b08,BASALT,TRAIN,family_fam_9334bda69568
rdv2,RDV2,fam_5f2e8d8195c3,sg_17140a1fa7ff,BASALT,TRAIN,family_fam_5f2e8d8195c3
rcv852,RCV852,fam_c261946a706e,sg_17928c57c65d,BASALT,TRAIN,family_fam_c261946a706e
53d6,53D6,fam_9a0e1d397648,sg_1953c0d4c2be,BASALT,TRAIN,family_fam_9a0e1d397648
hsdp226a,HSDP226A,fam_90dc78e80808,sg_19b7612af3f9,BASALT,TRAIN,family_fam_90dc78e80808
hsdp91,HSDP91,fam_3f6ddf16d9df,sg_1a8a1db59d97,BASALT,TRAIN,family_fam_3f6ddf16d9df
r219,R219,fam_3f6ddf16d9df,sg_1a8a1db59d97,BASALT,TRAIN,family_fam_3f6ddf16d9df
hsdp111,HSDP111,fam_027e47099bd9,sg_1b0a4cc12969,BASALT,TRAIN,family_fam_027e47099bd9
hsdp114a,HSDP114A,fam_ab9bda7297e8,sg_1b19ee06103c,BASALT,TRAIN,family_fam_ab9bda7297e8
r153,R153,fam_42290df16ea7,sg_1bb44192a440,BASALT,TRAIN,family_fam_42290df16ea7
iah220,IAH220,fam_ce12dbef891d,sg_1bbc3fc4f9cb,BASALT,TRAIN,family_fam_ce12dbef891d
ner2842,NER2842,fam_eaf7f481e358,sg_1c1eb4670197,BASALT,TRAIN,family_fam_eaf7f481e358
vh88u,VH88U,fam_1b48b38fcf86,sg_1c70edf341b6,BASALT,TRAIN,family_fam_1b48b38fcf86
w9,W9,fam_ed6ee239b862,sg_1dbab5bb2b27,BASALT,TRAIN,family_fam_ed6ee239b862
hsdp172,HSDP172,fam_149a8f2ca1a8,sg_1e5435bc7ba9,BASALT,TRAIN,family_fam_149a8f2ca1a8
ml72,ML72,fam_e45fd1c21dfb,sg_1ef68c9d876c,BASALT,TRAIN,series_ml
rdv4,RDV4,fam_5aa0eca717d2,sg_1f2320cf73e6,BASALT,TRAIN,family_fam_5aa0eca717d2
6d9,6D9,fam_e3da88df1bb1,sg_1f69944a2755,BASALT,TRAIN,family_fam_e3da88df1bb1
2d1,2D1,fam_3a5fb20cd78f,sg_21377a348f4d,BASALT,TRAIN,family_fam_3a5fb20cd78f
68d50,68D50,fam_c2b266ef2cc4,sg_21b59b72399a,BASALT,TRAIN,family_fam_c2b266ef2cc4
53d12,53D12,fam_61125ffb63ce,sg_21e443a3fda0,BASALT,TRAIN,family_fam_61125ffb63ce
umass1853,UMASS1853,fam_8f423631b72c,sg_21f7d3d6d07a,BASALT,TRAIN,family_fam_8f423631b72c
kv043,KV043,fam_3ea10305b0ce,sg_223fae04d9e3,BASALT,TRAIN,family_fam_3ea10305b0ce
sk145,SK145,fam_3b4fc61b18ea,sg_2241ccf672ac,BASALT,TRAIN,family_fam_3b4fc61b18ea
vh49,VH49,fam_ee74c3427af3,sg_241791e02542,BASALT,TRAIN,family_fam_ee74c3427af3
15d4,15D4,fam_23e472a25761,sg_2446e058a98c,BASALT,TRAIN,family_fam_23e472a25761
rlg1,RLG1,fam_3ac1dc71475f,sg_247af88e9eb1,BASALT,TRAIN,family_fam_3ac1dc71475f
iah223,IAH223,fam_187e3dad8838,sg_24bba3d540ba,BASALT,TRAIN,family_fam_187e3dad8838
hsdp302,HSDP302,fam_804fbb27a4bc,sg_251b49e3fc0c,BASALT,TRAIN,family_fam_804fbb27a4bc
ner133,NER133,fam_528a7b52b16d,sg_25c164d18428,BASALT,TRAIN,family_fam_528a7b52b16d
hsdp304,HSDP304,fam_0ff3f6df1406,sg_26532b15ba55,BASALT,TRAIN,family_fam_0ff3f6df1406
ow2376p5,OW2376P5,fam_e8a7f6aa4663,sg_275c4517e12d,BASALT,TRAIN,family_fam_e8a7f6aa4663
ow2456p5,OW2456P5,fam_8808440650b8,sg_27a7be06bfa0,BASALT,TRAIN,family_fam_8808440650b8
r96,R96,fam_1f89d5e46e4e,sg_27b977445e71,BASALT,TRAIN,family_fam_1f89d5e46e4e
hsdp89,HSDP89,fam_1d45c183c72a,sg_287b367354a6,BASALT,TRAIN,family_fam_1d45c183c72a
bhvo1ma,BHVO1MA,fam_9f76222017e7,sg_28868371781a,BASALT,TRAIN,family_fam_9f76222017e7
bhvo1mb,BHVO1MB,fam_9f76222017e7,sg_28868371781a,BASALT,TRAIN,family_fam_9f76222017e7
hsdp221,HSDP221,fam_60e5f54dced0,sg_28a1315cbc5b,BASALT,TRAIN,family_fam_60e5f54dced0
hsdp19,HSDP19,fam_034d97cb7ea1,sg_296aed8cfb5d,BASALT,TRAIN,family_fam_034d97cb7ea1
hsdp19a,HSDP19A,fam_034d97cb7ea1,sg_296aed8cfb5d,BASALT,TRAIN,family_fam_034d97cb7ea1
75d3,75D3,fam_3c366af87576,sg_29bda1aef51b,BASALT,TRAIN,family_fam_3c366af87576
hsdp331,HSDP331,fam_2dad50f734c8,sg_29dc9a9bee9a,BASALT,TRAIN,family_fam_2dad50f734c8
hsdp29,HSDP29,fam_844c9800274d,sg_29e5b915fd87,BASALT,TRAIN,family_fam_844c9800274d
ml20,ML20,fam_f35bd58cfecc,sg_2ab614290139,BASALT,TRAIN,series_ml
sk207,SK207,fam_b5f431d0739e,sg_2bc18386799b,BASALT,TRAIN,family_fam_b5f431d0739e
hsdp63,HSDP63,fam_c5ff4769895b,sg_2bd8409cc32e,BASALT,TRAIN,family_fam_c5ff4769895b
srm688,SRM688,fam_241df32e0710,sg_2c037608c41e,BASALT,TRAIN,family_fam_241df32e0710
41d11,41D11,fam_6b7aaf544d68,sg_2c09b5e54e98,BASALT,TRAIN,family_fam_6b7aaf544d68
ner2530,NER2530,fam_fcd0178df7ac,sg_2c93519dd737,BASALT,TRAIN,family_fam_fcd0178df7ac
ow2429,OW2429,fam_324768cf8bee,sg_2c949b8c4f5d,BASALT,TRAIN,family_fam_324768cf8bee
hsdp179a,HSDP179A,fam_9b1d7be34159,sg_2ca8a7deb4f2,BASALT,TRAIN,family_fam_9b1d7be34159
w6,W6,fam_5c7eacca8273,sg_2d4610915819,BASALT,TRAIN,family_fam_5c7eacca8273
iahcs3,IAHCS3,fam_bd0b98b46664,sg_2dff4ad79886,BASALT,TRAIN,family_fam_bd0b98b46664
1d17,1D17,fam_68f72cde209c,sg_2ec616f4efdb,BASALT,TRAIN,family_fam_68f72cde209c
62d7,62D7,fam_9e61177d9c05,sg_2ecd819028e0,BASALT,TRAIN,family_fam_9e61177d9c05
hsdp166a,HSDP166A,fam_36a18a8aeaef,sg_2eef42d84e2f,BASALT,TRAIN,family_fam_36a18a8aeaef
rpf1,RPF1,fam_35d9416d837d,sg_2f041139254a,BASALT,TRAIN,family_fam_35d9416d837d
hsdp92,HSDP92,fam_0145cf324284,sg_2fae0a2f3d2f,BASALT,TRAIN,family_fam_0145cf324284
hsdp92a,HSDP92A,fam_0145cf324284,sg_2fae0a2f3d2f,BASALT,TRAIN,family_fam_0145cf324284
hsdp327a,HSDP327A,fam_9be7ad3165bd,sg_2faf9e90ffac,BASALT,TRAIN,family_fam_9be7ad3165bd
ner305,NER305,fam_b823bef22c1f,sg_2fd282ee480a,BASALT,TRAIN,family_fam_b823bef22c1f
umass1841,UMASS1841,fam_71cd82ad1515,sg_2fe06b3b530d,BASALT,TRAIN,family_fam_71cd82ad1515
sk204,SK204,fam_b69e93a1247f,sg_30030150d420,BASALT,TRAIN,family_fam_b69e93a1247f
6d8,6D8,fam_01ce27d51bd1,sg_3034d097a4bf,BASALT,TRAIN,family_fam_01ce27d51bd1
vh100pi,VH100PI,fam_5845a439d17f,sg_30dc65a5af7f,BASALT,TRAIN,family_fam_5845a439d17f
hsdp37a,HSDP37A,fam_44a8ca5fd73c,sg_31a7b24a5990,BASALT,TRAIN,family_fam_44a8ca5fd73c
7d1,7D1,fam_63bdac7cf8a3,sg_31dbec2f2c7b,BASALT,TRAIN,family_fam_63bdac7cf8a3
hv0207,HV0207,fam_bdaadcdafd52,sg_32af3aeaa099,BASALT,TRAIN,family_fam_bdaadcdafd52
29d16,29D16,fam_8ece4517ae8b,sg_3309bc346ab5,BASALT,TRAIN,family_fam_8ece4517ae8b
tt63307,TT63307,fam_4b114c310c4f,sg_33909d3fa948,BASALT,TRAIN,family_fam_4b114c310c4f
ml62a,ML62A,fam_a5de9d6a7654,sg_349e3e77bcdd,BASALT,TRAIN,series_ml
rhr861,RHR861,fam_261532317dd4,sg_35b1de4c3e0a,BASALT,TRAIN,family_fam_261532317dd4
hsdp326b,HSDP326B,fam_3cd26dcff2ee,sg_35d4fae5a4fd,BASALT,TRAIN,family_fam_3cd26dcff2ee
hsdp131,HSDP131,fam_cdd1e6a56c01,sg_367c94ca8f92,BASALT,TRAIN,family_fam_cdd1e6a56c01
rki2,RKI2,fam_069f7f865167,sg_37276d7eff13,BASALT,TRAIN,family_fam_069f7f865167
rdv3,RDV3,fam_e1991466e17b,sg_3740c24605fa,BASALT,TRAIN,family_fam_e1991466e17b
hsdp72,HSDP72,fam_18f3aa02b09b,sg_388646aa50a1,BASALT,TRAIN,family_fam_18f3aa02b09b
63d3,63D3,fam_255ce228066e,sg_3891dbdba18d,BASALT,TRAIN,family_fam_255ce228066e
41d9,41D9,fam_4bc423b843a1,sg_38965d8fc19e,BASALT,TRAIN,family_fam_4bc423b843a1
iahas6,IAHAS6,fam_91fd85aeb700,sg_38a6562a7eb1,BASALT,TRAIN,family_fam_91fd85aeb700
hsdp343aa,HSDP343AA,fam_90c37171933a,sg_38a7bd3957e1,BASALT,TRAIN,family_fam_90c37171933a
53d13,53D13,fam_9be96d07793e,sg_38ab1139cff1,BASALT,TRAIN,family_fam_9be96d07793e
kv041,KV041,fam_1eb189d900fd,sg_38f04bc7ebb3,BASALT,TRAIN,family_fam_1eb189d900fd
hsdp28,HSDP28,fam_ac563f0bf586,sg_3965426ca109,BASALT,TRAIN,family_fam_ac563f0bf586
hsdp28a,HSDP28A,fam_ac563f0bf586,sg_3965426ca109,BASALT,TRAIN,family_fam_ac563f0bf586
dc82576,DC82576,fam_330f19d8cd47,sg_39ae4c3587e3,BASALT,TRAIN,family_fam_330f19d8cd47
vh99pm,VH99PM,fam_6d0126909f56,sg_3b40972f9958,BASALT,TRAIN,family_fam_6d0126909f56
rgc1,RGC1,fam_9bbf0eacfa94,sg_3be3f75a2e42,BASALT,TRAIN,family_fam_9bbf0eacfa94
umass18314,UMASS18314,fam_c9fd05fcc88a,sg_3c154470be84,BASALT,TRAIN,family_fam_c9fd05fcc88a
ow2409,OW2409,fam_bd7bdea978fe,sg_3c2a116148aa,BASALT,TRAIN,family_fam_bd7bdea978fe
ml84,ML84,fam_03cd41b3ecf6,sg_3c962fc0014f,BASALT,TRAIN,series_ml
hsdp112,HSDP112,fam_916bd11d3971,sg_3ce3cc3d21a8,BASALT,TRAIN,family_fam_916bd11d3971
ow1483,OW1483,fam_b69d88601cee,sg_3d6f22e75249,BASALT,TRAIN,family_fam_b69d88601cee
hsdp20,HSDP20,fam_722b45e81876,sg_3d72ca1aae32,BASALT,TRAIN,family_fam_722b45e81876
hsdp20a,HSDP20A,fam_722b45e81876,sg_3d72ca1aae32,BASALT,TRAIN,family_fam_722b45e81876
ml28,ML28,fam_b40d4f4b85dd,sg_3da474232c9e,BASALT,TRAIN,series_ml
sk202,SK202,fam_cedaa7eb8ff7,sg_3df5f57f19a4,BASALT,TRAIN,family_fam_cedaa7eb8ff7
iah343,IAH343,fam_7840e0245942,sg_3df61b1bbbd5,BASALT,TRAIN,family_fam_7840e0245942
hsdp73,HSDP73,fam_73ba87bf527b,sg_3eb7b2e6eec6,BASALT,TRAIN,family_fam_73ba87bf527b
hsdp73a,HSDP73A,fam_73ba87bf527b,sg_3eb7b2e6eec6,BASALT,TRAIN,family_fam_73ba87bf527b
r129,R129,fam_d0cf161fb1dc,sg_3ed665ac459f,BASALT,TRAIN,family_fam_d0cf161fb1dc
iahee11e,IAHEE11E,fam_3b3faa791f1e,sg_3f54286c33b0,BASALT,TRAIN,family_fam_3b3faa791f1e
ow2500,OW2500,fam_a823e10c406c,sg_3f90492c2e94,BASALT,TRAIN,family_fam_a823e10c406c
iahee12,IAHEE12,fam_7e8c6c2824c5,sg_3fb4676902c1,BASALT,TRAIN,family_fam_7e8c6c2824c5
21d15,21D15,fam_f2eccff54517,sg_40e51369a896,BASALT,TRAIN,family_fam_f2eccff54517
umass1832,UMASS1832,fam_a0ca324a3a09,sg_4143e346701d,BASALT,TRAIN,family_fam_a0ca324a3a09
hsdp132a,HSDP132A,fam_e5f4d9db8f0d,sg_41bb933e32c1,BASALT,TRAIN,family_fam_e5f4d9db8f0d
81d1,81D1,fam_506d5ff76cdb,sg_421c8dcf4880,BASALT,TRAIN,family_fam_506d5ff76cdb
umass18312,UMASS18312,fam_1f4f512f2775,sg_426246b3f668,BASALT,TRAIN,family_fam_1f4f512f2775
r111,R111,fam_51b29cd0b6c2,sg_4267edc00eb1,BASALT,TRAIN,family_fam_51b29cd0b6c2
r896,R896,fam_250f6a4139a2,sg_426cc2e2f89c,BASALT,TRAIN,family_fam_250f6a4139a2
31d161,31D161,fam_49c06499aebf,sg_43b3149feb6b,BASALT,TRAIN,family_fam_49c06499aebf
ner311,NER311,fam_bc9f9f75ffc9,sg_44783fd2d166,BASALT,TRAIN,family_fam_bc9f9f75ffc9
hsdp56a,HSDP56A,fam_063caf7bd1e3,sg_44886d636305,BASALT,TRAIN,family_fam_063caf7bd1e3
hsdp153,HSDP153,fam_2ee96f7f2504,sg_4567cea0d787,BASALT,TRAIN,family_fam_2ee96f7f2504
hsdp62,HSDP62,fam_00f954859010,sg_45f65686a479,BASALT,TRAIN,family_fam_00f954859010
hsdp155a,HSDP155A,fam_ef0d0de7e083,sg_460f53ab72f2,BASALT,TRAIN,family_fam_ef0d0de7e083
15d38,15D38,fam_dcae5b0d4be1,sg_462df044050b,BASALT,TRAIN,family_fam_dcae5b0d4be1
umass1828,UMASS1828,fam_359697c9be12,sg_47581c77e2c8,BASALT,TRAIN,family_fam_359697c9be12
31d153,31D153,fam_260fcc55c86d,sg_475d87e5a4b9,BASALT,TRAIN,family_fam_260fcc55c86d
hsdp205,HSDP205,fam_fd9aa6e3f5f7,sg_480a01a1c625,BASALT,TRAIN,family_fam_fd9aa6e3f5f7
ml95,ML95,fam_2efe8b15e6e2,sg_48b9d0476607,BASALT,TRAIN,series_ml
stbk0303,STBK0303,fam_6a92eb69995e,sg_48e4d3f60d22,BASALT,TRAIN,family_fam_6a92eb69995e
hsdp330a,HSDP330A,fam_a719e8cc9c9c,sg_48eacb155b97,BASALT,TRAIN,family_fam_a719e8cc9c9c
ner2215,NER2215,fam_e021a7f5341d,sg_4930198e0c6a,BASALT,TRAIN,family_fam_e021a7f5341d
hsdp83,HSDP83,fam_7f1d1680758b,sg_49b4fdb7db9b,BASALT,TRAIN,family_fam_7f1d1680758b
hsdp83a,HSDP83A,fam_7f1d1680758b,sg_49b4fdb7db9b,BASALT,TRAIN,family_fam_7f1d1680758b
hsdp87,HSDP87,fam_59f1b0e606b9,sg_49ba84ab5c48,BASALT,TRAIN,family_fam_59f1b0e606b9
8d11,8D11,fam_18364424790c,sg_49dba1ace71c,BASALT,TRAIN,family_fam_18364424790c
73d13,73D13,fam_88cf72c1c901,sg_49e3367cdac3,BASALT,TRAIN,family_fam_88cf72c1c901
31d2,31D2,fam_cb421976603b,sg_4a2425e95cd3,BASALT,TRAIN,family_fam_cb421976603b
ner1631c,NER1631C,fam_7947b1ea51af,sg_4a9d6000cfb4,BASALT,TRAIN,family_fam_7947b1ea51af
1d24,1D24,fam_b03aed67d91f,sg_4b8a0c41345c,BASALT,TRAIN,family_fam_b03aed67d91f
iahg4,IAHG4,fam_67aa43456dd6,sg_4bf0ad3bf915,BASALT,TRAIN,family_fam_67aa43456dd6
hsdp109,HSDP109,fam_909a2e843fed,sg_4c119a3ff164,BASALT,TRAIN,family_fam_909a2e843fed
r594,R594,fam_3a9d0555ed1c,sg_4ce395c1f403,BASALT,TRAIN,family_fam_3a9d0555ed1c
r133,R133,fam_0e4f005fc633,sg_4d075ac1cc87,BASALT,TRAIN,family_fam_0e4f005fc633
iahg12,IAHG12,fam_44d2aca04d10,sg_4d46ed835046,BASALT,TRAIN,family_fam_44d2aca04d10
hsdp207a,HSDP207A,fam_1af11f66eb14,sg_4d6c62306108,BASALT,TRAIN,family_fam_1af11f66eb14
hsdp141,HSDP141,fam_5410dbce2c8c,sg_4e9bb64b4b0e,BASALT,TRAIN,family_fam_5410dbce2c8c
37d0a,37D0A,fam_0e3e4a8a7e30,sg_4eaf79a333e7,BASALT,TRAIN,family_fam_0e3e4a8a7e30
210m,210M,fam_80ec8eda7ab9,sg_4f97d5999e65,BASALT,TRAIN,family_fam_80ec8eda7ab9
r954,R954,fam_b050c5f4e355,sg_4fde1b25d7d5,BASALT,TRAIN,family_fam_b050c5f4e355
ner45,NER45,fam_c7af8e0acb3e,sg_5007ebbad27e,BASALT,TRAIN,family_fam_c7af8e0acb3e
iahg5,IAHG5,fam_0ec84205cdba,sg_5033bde469e6,BASALT,TRAIN,family_fam_0ec84205cdba
hsdp157a,HSDP157A,fam_f9b6ae83ce79,sg_503da212d26f,BASALT,TRAIN,family_fam_f9b6ae83ce79
rsl5,RSL5,fam_9a2d0ace64d7,sg_50a7905b8a25,BASALT,TRAIN,family_fam_9a2d0ace64d7
1984aa,1984AA,fam_a6d5ea8216c3,sg_51abeac54e3d,BASALT,TRAIN,family_fam_a6d5ea8216c3
kv0416,KV0416,fam_71453f50412d,sg_52210973dd40,BASALT,TRAIN,family_fam_71453f50412d
hsdp201,HSDP201,fam_7a2966a75f7c,sg_5241984a330c,BASALT,TRAIN,family_fam_7a2966a75f7c
19d58,19D58,fam_9a04a0c87643,sg_52658310746b,BASALT,TRAIN,family_fam_9a04a0c87643
ml87,ML87,fam_cd8d05386170,sg_52c99ae2dd1d,BASALT,TRAIN,series_ml
hsdp81,HSDP81,fam_a62c11b014e7,sg_5324e26b7a2f,BASALT,TRAIN,family_fam_a62c11b014e7
hsdp164,HSDP164,fam_2c69838ed937,sg_533c8d15c28d,BASALT,TRAIN,family_fam_2c69838ed937
14d24,14D24,fam_82b60e376ca1,sg_5387c1478da1,BASALT,TRAIN,family_fam_82b60e376ca1
hsdp198aa,HSDP198AA,fam_13ffb43301e5,sg_53e1d2281f2e,BASALT,TRAIN,family_fam_13ffb43301e5
hsdp198ab,HSDP198AB,fam_13ffb43301e5,sg_53e1d2281f2e,BASALT,TRAIN,family_fam_13ffb43301e5
53d24,53D24,fam_1d6db50d4326,sg_54fe932a47fc,BASALT,TRAIN,family_fam_1d6db50d4326
ner339,NER339,fam_64284c9e1593,sg_551a379efba2,BASALT,TRAIN,family_fam_64284c9e1593
hsdp183,HSDP183,fam_7a4c1ce8a446,sg_551d567e8bef,BASALT,TRAIN,family_fam_7a4c1ce8a446
kh11k,KH11K,fam_ad1abbbad2f0,sg_55b57b284659,BASALT,TRAIN,family_fam_ad1abbbad2f0
hsdp199a,HSDP199A,fam_b6d3f39ecb2f,sg_55bcb1e740d1,BASALT,TRAIN,family_fam_b6d3f39ecb2f
r91,R91,fam_5b59afb1024d,sg_55c49d3343ea,BASALT,TRAIN,family_fam_5b59afb1024d
holyoke,HOLYOKE,fam_34467a8cb865,sg_57781dbc0ca0,BASALT,TRAIN,family_fam_34467a8cb865
r856,R856,fam_8827fedeae19,sg_579e5537bbc0,BASALT,TRAIN,family_fam_8827fedeae19
r83,R83,fam_e9e230f2d525,sg_57f7af58fdd1,BASALT,TRAIN,family_fam_e9e230f2d525
r135,R135,fam_503b5ca844c1,sg_588623e7ff4f,BASALT,TRAIN,family_fam_503b5ca844c1
62d11,62D11,fam_f93d1bc0f15d,sg_594d08d89a13,BASALT,TRAIN,family_fam_f93d1bc0f15d
umass1837,UMASS1837,fam_87b775ef73e3,sg_59662c270f73,BASALT,TRAIN,family_fam_87b775ef73e3
iahe5,IAHE5,fam_6ffe35a8ce66,sg_5971a75dba0b,BASALT,TRAIN,family_fam_6ffe35a8ce66
ml47,ML47,fam_680c24858eee,sg_5a362963a43a,BASALT,TRAIN,series_ml
mg1a,MG1A,fam_e0e140ef3e53,sg_5a364322ea94,BASALT,TRAIN,family_fam_e0e140ef3e53
mg1b,MG1B,fam_e0e140ef3e53,sg_5a364322ea94,BASALT,TRAIN,family_fam_e0e140ef3e53
hsdp117,HSDP117,fam_b5512c26c8f7,sg_5a644c09f324,BASALT,TRAIN,family_fam_b5512c26c8f7
sk222,SK222,fam_cc664165df49,sg_5a6e80c40c8f,BASALT,TRAIN,family_fam_cc664165df49
umass1821,UMASS1821,fam_5c6d89699c91,sg_5abcfe967eea,BASALT,TRAIN,family_fam_5c6d89699c91
iah225,IAH225,fam_f1f17bca9ead,sg_5b31d8a3e143,BASALT,TRAIN,family_fam_f1f17bca9ead
hsdp84,HSDP84,fam_96e0e2541737,sg_5bc1206c66a8,BASALT,TRAIN,family_fam_96e0e2541737
vh47,VH47,fam_ae07fb77a523,sg_5bfdc074a043,BASALT,TRAIN,family_fam_ae07fb77a523
70d52,70D52,fam_124f8fd2175a,sg_5c313294a6fa,BASALT,TRAIN,family_fam_124f8fd2175a
33d17,33D17,fam_2ecf111e971b,sg_5cfb1373df4e,BASALT,TRAIN,family_fam_2ecf111e971b
sw56,SW56,fam_fe0fc47d7de3,sg_5df943642eb9,BASALT,TRAIN,family_fam_fe0fc47d7de3
iahd5,IAHD5,fam_0da06ebeeaf2,sg_5ef03959481d,BASALT,TRAIN,family_fam_0da06ebeeaf2
hsdp139,HSDP139,fam_f693eab28703,sg_5f64d3aa0829,BASALT,TRAIN,family_fam_f693eab28703
ml19,ML19,fam_92a4660f6a4a,sg_5fe424f437be,BASALT,TRAIN,series_ml
65d4,65D4,fam_920939d18f35,sg_5fe63c24d23b,BASALT,TRAIN,family_fam_920939d18f35
ner271,NER271,fam_0f8576b90cfb,sg_603591572651,BASALT,TRAIN,family_fam_0f8576b90cfb
7d8,7D8,fam_843c8d02d2bb,sg_60ee90785d23,BASALT,TRAIN,family_fam_843c8d02d2bb
ml71,ML71,fam_ae17eae2b51c,sg_61136e47e8cb,BASALT,TRAIN,series_ml
rsl863,RSL863,fam_8cc0e7e6dfce,sg_613a96677510,BASALT,TRAIN,family_fam_8cc0e7e6dfce
ow1519,OW1519,fam_ab121b872eb0,sg_6184be67de40,BASALT,TRAIN,family_fam_ab121b872eb0
sk218,SK218,fam_e3a3705b4abf,sg_6266ce4ea56f,BASALT,TRAIN,family_fam_e3a3705b4abf
r114,R114,fam_519310cc0eda,sg_629140a2badf,BASALT,TRAIN,family_fam_519310cc0eda
43d22,43D22,fam_a2f507ebe31a,sg_62d9353a8450,BASALT,TRAIN,family_fam_a2f507ebe31a
iah228bh,IAH228BH,fam_3820890d5597,sg_62dd7f347466,BASALT,TRAIN,family_fam_3820890d5597
hsdp57,HSDP57,fam_f3b81b99450b,sg_62e673555d18,BASALT,TRAIN,family_fam_f3b81b99450b
vh41,VH41,fam_6553d61de565,sg_62fa5bdd6501,BASALT,TRAIN,family_fam_6553d61de565
ml286,ML286,fam_a8b6c5e75bf3,sg_6349140550b4,BASALT,TRAIN,series_ml
11d28a,11D28A,fam_1d38d2c1ab61,sg_650baf8e72e8,BASALT,TRAIN,family_fam_1d38d2c1ab61
hsdp96,HSDP96,fam_2edc425cdd6f,sg_66316c93cf5a,BASALT,TRAIN,family_fam_2edc425cdd6f
iahe3,IAHE3,fam_38ccb1242adc,sg_673e1b23afdb,BASALT,TRAIN,family_fam_38ccb1242adc
ml129,ML129,fam_7e3e4630475a,sg_676cf9f1874b,BASALT,TRAIN,series_ml
bir1ma,BIR1MA,fam_4f0c4747007e,sg_67b2e8fd5780,BASALT,TRAIN,family_fam_4f0c4747007e
bir1mb,BIR1MB,fam_4f0c4747007e,sg_67b2e8fd5780,BASALT,TRAIN,family_fam_4f0c4747007e
bir1md,BIR1MD,fam_4f0c4747007e,sg_67b2e8fd5780,BASALT,TRAIN,family_fam_4f0c4747007e
hsdp168,HSDP168,fam_2e699885154f,sg_67b819a3fab6,BASALT,TRAIN,family_fam_2e699885154f
50d45,50D45,fam_0a6ffe818686,sg_68040c9fb778,BASALT,TRAIN,family_fam_0a6ffe818686
ner1745,NER1745,fam_4d45d123f347,sg_68effc3dbe3a,BASALT,TRAIN,family_fam_4d45d123f347
ml80,ML80,fam_fc5d6e65edd1,sg_691d606c40cf,BASALT,TRAIN,series_ml
umass18313,UMASS18313,fam_8398e80d016b,sg_692921a86179,BASALT,TRAIN,family_fam_8398e80d016b
umass18310,UMASS18310,fam_8f4b085e39db,sg_6955b670ff43,BASALT,TRAIN,family_fam_8f4b085e39db
tt53103,TT53103,fam_8ab5f5e4744a,sg_696cc6640da3,BASALT,TRAIN,family_fam_8ab5f5e4744a
pbsgnp,PBSGNP,fam_340847911336,sg_6a23cf1db9b5,BASALT,TRAIN,family_fam_340847911336
65d42,65D42,fam_b11be6bd23bb,sg_6a74c5ca9af8,BASALT,TRAIN,family_fam_b11be6bd23bb
hsdp3001,HSDP3001,fam_2322c4921980,sg_6adde3b446c0,BASALT,TRAIN,family_fam_2322c4921980
47d28,47D28,fam_2f85743f3db4,sg_6bbf58ea4b6e,BASALT,TRAIN,family_fam_2f85743f3db4
hsdp341ba,HSDP341BA,fam_d0f1b1144fe4,sg_6cfd1ef6c3c2,BASALT,TRAIN,family_fam_d0f1b1144fe4
kv036,KV036,fam_c532404f561b,sg_6d2e2971ea90,BASALT,TRAIN,family_fam_c532404f561b
ml66,ML66,fam_f8a521c718d3,sg_6d45a8d67b50,BASALT,TRAIN,series_ml
hsdp45a,HSDP45A,fam_f02d088de3d8,sg_6d5a24a4d4c8,BASALT,TRAIN,family_fam_f02d088de3d8
28d18,28D18,fam_9cbb275ff904,sg_6db8025b2701,BASALT,TRAIN,family_fam_9cbb275ff904
dnc1ma,DNC1MA,fam_cd9f3289fdcd,sg_6e00af527f17,BASALT,TRAIN,family_fam_cd9f3289fdcd
dnc1mb,DNC1MB,fam_cd9f3289fdcd,sg_6e00af527f17,BASALT,TRAIN,family_fam_cd9f3289fdcd
dnc1mc,DNC1MC,fam_cd9f3289fdcd,sg_6e00af527f17,BASALT,TRAIN,family_fam_cd9f3289fdcd
dnc1md,DNC1MD,fam_cd9f3289fdcd,sg_6e00af527f17,BASALT,TRAIN,family_fam_cd9f3289fdcd
19d18,19D18,fam_b8090f7a12a4,sg_6e7c3070ca69,BASALT,TRAIN,family_fam_b8090f7a12a4
iah3,IAH3,fam_e3376e23f39e,sg_6e82f97be1fa,BASALT,TRAIN,family_fam_e3376e23f39e
ow9911,OW9911,fam_9f4a93774077,sg_6ec094fb70d4,BASALT,TRAIN,family_fam_9f4a93774077
sk172,SK172,fam_30ec3275ebf5,sg_6f85d2e76119,BASALT,TRAIN,family_fam_30ec3275ebf5
rsh1,RSH1,fam_e4364229a14d,sg_700c983f6320,BASALT,TRAIN,family_fam_e4364229a14d
sk203,SK203,fam_3cb7426cb459,sg_704db5eb7908,BASALT,TRAIN,family_fam_3cb7426cb459
72d34,72D34,fam_ad76e61bdb43,sg_70745ca07f29,BASALT,TRAIN,family_fam_ad76e61bdb43
rwv2,RWV2,fam_2a0ae9f9b7b3,sg_709a49f6cbf3,BASALT,TRAIN,family_fam_2a0ae9f9b7b3
hsdp82,HSDP82,fam_f125326dcc72,sg_711fd217cc7e,BASALT,TRAIN,family_fam_f125326dcc72
umass1854,UMASS1854,fam_7e071522bd3a,sg_71264b6990c2,BASALT,TRAIN,family_fam_7e071522bd3a
sk177,SK177,fam_fa508f9aa93d,sg_717ec695c62e,BASALT,TRAIN,family_fam_fa508f9aa93d
51d5,51D5,fam_439211464cfd,sg_71bfd96cb7db,BASALT,TRAIN,family_fam_439211464cfd
rhr2,RHR2,fam_557466c2b58f,sg_722b46a51bdc,BASALT,TRAIN,family_fam_557466c2b58f
hu01,HU01,fam_d250fcd0cf4f,sg_72824b97286e,BASALT,TRAIN,family_fam_d250fcd0cf4f
17d24,17D24,fam_35afa58c86e3,sg_73a168feeee4,BASALT,TRAIN,family_fam_35afa58c86e3
rgc2,RGC2,fam_1c090fe8e17b,sg_742d6765ec73,BASALT,TRAIN,family_fam_1c090fe8e17b
rhr1,RHR1,fam_cf2292a0c6eb,sg_746a60d96124,BASALT,TRAIN,family_fam_cf2292a0c6eb
209m,209M,fam_132ecb98d031,sg_747853015bbb,BASALT,TRAIN,family_fam_132ecb98d031
48d0a,48D0A,fam_da0345129d92,sg_753ba183c2e2,BASALT,TRAIN,family_fam_da0345129d92
hsdp105a,HSDP105A,fam_b8d58c377aa4,sg_755877d51c12,BASALT,TRAIN,family_fam_b8d58c377aa4
hsdp105b,HSDP105B,fam_b8d58c377aa4,sg_755877d51c12,BASALT,TRAIN,family_fam_b8d58c377aa4
r55,R55,fam_bb47adc41e84,sg_758a70a7e5e3,BASALT,TRAIN,family_fam_bb47adc41e84
37d11,37D11,fam_4f8639261055,sg_75b5d6ef53dd,BASALT,TRAIN,family_fam_4f8639261055
umass18413,UMASS18413,fam_0fb9e85505f7,sg_764a68220601,BASALT,TRAIN,family_fam_0fb9e85505f7
hsdp292a,HSDP292A,fam_8c0e03f2fdea,sg_76f1377749ea,BASALT,TRAIN,family_fam_8c0e03f2fdea
iahg9,IAHG9,fam_d2cc73a56d90,sg_7713b0ce7708,BASALT,TRAIN,family_fam_d2cc73a56d90
expl,EXPL,fam_09aa4f217446,sg_7733954319c8,BASALT,TRAIN,family_fam_09aa4f217446
hsdp6,HSDP6,fam_89a91b19218d,sg_778f4edcd47c,BASALT,TRAIN,family_fam_89a91b19218d
hsdp6a,HSDP6A,fam_89a91b19218d,sg_778f4edcd47c,BASALT,TRAIN,family_fam_89a91b19218d
17d9,17D9,fam_ba4aab6369b7,sg_78267b53d10e,BASALT,TRAIN,family_fam_ba4aab6369b7
w22,W22,fam_fd4fdb8e9a85,sg_793574538087,BASALT,TRAIN,family_fam_fd4fdb8e9a85
hsdp32,HSDP32,fam_3c382c34dc5d,sg_7955ee8434c3,BASALT,TRAIN,family_fam_3c382c34dc5d
hsdp32a,HSDP32A,fam_3c382c34dc5d,sg_7955ee8434c3,BASALT,TRAIN,family_fam_3c382c34dc5d
36d10,36D10,fam_bff674ead0a7,sg_79f41379ff8f,BASALT,TRAIN,family_fam_bff674ead0a7
hv0215,HV0215,fam_990fafa5d0f3,sg_7a80800a845c,BASALT,TRAIN,family_fam_990fafa5d0f3
w23,W23,fam_571a1af6f5ad,sg_7bb83c0286e4,BASALT,TRAIN,family_fam_571a1af6f5ad
w4,W4,fam_65fe0fa36859,sg_7c5c3c907b98,BASALT,TRAIN,family_fam_65fe0fa36859
j98136,J98136,fam_08e1b0677640,sg_7cf76c61fea0,BASALT,TRAIN,family_fam_08e1b0677640
ner28,NER28,fam_e299456cfb0f,sg_7d31683b9c5a,BASALT,TRAIN,family_fam_e299456cfb0f
ner265,NER265,fam_b1625c2ac694,sg_7f5d4b4659e9,BASALT,TRAIN,family_fam_b1625c2ac694
39d4,39D4,fam_8fb54832dc84,sg_7f85420a779a,BASALT,TRAIN,family_fam_8fb54832dc84
frt8428,FRT8428,fam_27fa1726a055,sg_81b41122f6cb,BASALT,TRAIN,family_fam_27fa1726a055
iahg10,IAHG10,fam_7a8dfb92ab00,sg_825e181495aa,BASALT,TRAIN,family_fam_7a8dfb92ab00
sw95,SW95,fam_253ce2c81d9d,sg_83650f209db5,BASALT,TRAIN,family_fam_253ce2c81d9d
hsdp171a,HSDP171A,fam_3e2d0a5e07b1,sg_836f917fe8de,BASALT,TRAIN,family_fam_3e2d0a5e07b1
37d14,37D14,fam_ad8f2add7c93,sg_8372fb5f4f84,BASALT,TRAIN,family_fam_ad8f2add7c93
hsdp335a,HSDP335A,fam_62f2d7f58446,sg_8440869c959f,BASALT,TRAIN,family_fam_62f2d7f58446
hsdp335aa,HSDP335AA,fam_62f2d7f58446,sg_8440869c959f,BASALT,TRAIN,family_fam_62f2d7f58446
hsdp59,HSDP59,fam_8ea6ade15155,sg_844488050580,BASALT,TRAIN,family_fam_8ea6ade15155
65d55,65D55,fam_4b3a897fa658,sg_84635b30b92d,BASALT,TRAIN,family_fam_4b3a897fa658
hsdp234,HSDP234,fam_758678bfa1bf,sg_846f27081383,BASALT,TRAIN,family_fam_758678bfa1bf
78d7,78D7,fam_89926b6dd942,sg_850536870b36,BASALT,TRAIN,family_fam_89926b6dd942
hsdp321a,HSDP321A,fam_42df489039b8,sg_8524b8db1c50,BASALT,TRAIN,family_fam_42df489039b8
hsdp42,HSDP42,fam_c3d574ca139b,sg_868376fa550b,BASALT,TRAIN,family_fam_c3d574ca139b
hsdp42a,HSDP42A,fam_c3d574ca139b,sg_868376fa550b,BASALT,TRAIN,family_fam_c3d574ca139b
iahg11,IAHG11,fam_7ba35751e2d1,sg_86ea9a85cf53,BASALT,TRAIN,family_fam_7ba35751e2d1
33d11,33D11,fam_3546fc72408f,sg_87784a3bbec7,BASALT,TRAIN,family_fam_3546fc72408f
umass1825,UMASS1825,fam_920bd3dfc7c6,sg_88328169dd2d,BASALT,TRAIN,family_fam_920bd3dfc7c6
ldm109,LDM109,fam_d6a66c54917f,sg_88378b119f91,BASALT,TRAIN,family_fam_d6a66c54917f
vh200p,VH200P,fam_db0d724b6f68,sg_894337947afe,BASALT,TRAIN,family_fam_db0d724b6f68
sk146,SK146,fam_af59d41bcc37,sg_894bb37c4bb2,BASALT,TRAIN,family_fam_af59d41bcc37
hsdp209,HSDP209,fam_885576f20b38,sg_89f7cb266fdf,BASALT,TRAIN,family_fam_885576f20b38
iah218,IAH218,fam_181a11b0a67d,sg_8b3185c5cef4,BASALT,TRAIN,family_fam_181a11b0a67d
ner1115,NER1115,fam_ff2348fe64d5,sg_8ba89f16722c,BASALT,TRAIN,family_fam_ff2348fe64d5
rsl7,RSL7,fam_3a09558a90bd,sg_8bfeefb8fff3,BASALT,TRAIN,family_fam_3a09558a90bd
hsdp11,HSDP11,fam_96e163ba909d,sg_8c865fbff265,BASALT,TRAIN,family_fam_96e163ba909d
hsdp11a,HSDP11A,fam_96e163ba909d,sg_8c865fbff265,BASALT,TRAIN,family_fam_96e163ba909d
w21,W21,fam_af6ae804b491,sg_8cabd1ae3e86,BASALT,TRAIN,family_fam_af6ae804b491
rwv4,RWV4,fam_01514d90092b,sg_8ce2192c8a72,BASALT,TRAIN,family_fam_01514d90092b
whks0305,WHKS0305,fam_78494f0715d7,sg_8d698bb8339b,BASALT,TRAIN,family_fam_78494f0715d7
r269,R269,fam_2c5149e216ff,sg_8d6cee89f390,BASALT,TRAIN,family_fam_2c5149e216ff
iahcs1,IAHCS1,fam_85da0dd0ff3a,sg_8d6f4a08c8c6,BASALT,TRAIN,family_fam_85da0dd0ff3a
hsdp124a,HSDP124A,fam_3cb8c982eb68,sg_8dd4221aad7b,BASALT,TRAIN,family_fam_3cb8c982eb68
rec9,REC9,fam_f04eb949bc61,sg_8e2970bd6df9,BASALT,TRAIN,family_fam_f04eb949bc61
w10,W10,fam_513ab39fca23,sg_8e29bc7a5f02,BASALT,TRAIN,family_fam_513ab39fca23
1d30,1D30,fam_8d7a95664327,sg_8e47a5cba8da,BASALT,TRAIN,family_fam_8d7a95664327
hsdp151a,HSDP151A,fam_6e64b43cfcd6,sg_8e6768ca9fd1,BASALT,TRAIN,family_fam_6e64b43cfcd6
rpf2,RPF2,fam_16942302bf45,sg_8ea0f202646b,BASALT,TRAIN,family_fam_16942302bf45
hsdp75,HSDP75,fam_64801ff1129f,sg_8ec901d35c48,BASALT,TRAIN,family_fam_64801ff1129f
rpo1,RPO1,fam_349dc8734965,sg_8f592bb6f1ad,BASALT,TRAIN,family_fam_349dc8734965
30d15,30D15,fam_076f20d89329,sg_9010089525fc,BASALT,TRAIN,family_fam_076f20d89329
iah2,IAH2,fam_ecc2090b67ff,sg_907a9ea4aeac,BASALT,TRAIN,family_fam_ecc2090b67ff
hsdp136a,HSDP136A,fam_a3b1463f454b,sg_909fa028f984,BASALT,TRAIN,family_fam_a3b1463f454b
w17,W17,fam_5c93e9c9687f,sg_90ca8098d0a1,BASALT,TRAIN,family_fam_5c93e9c9687f
28d27,28D27,fam_26ef51c7d508,sg_91b855d6e3c0,BASALT,TRAIN,family_fam_26ef51c7d508
hsdp60,HSDP60,fam_8ffad55b6a8c,sg_92246d51b50c,BASALT,TRAIN,family_fam_8ffad55b6a8c
hsdp60a,HSDP60A,fam_8ffad55b6a8c,sg_92246d51b50c,BASALT,TRAIN,family_fam_8ffad55b6a8c
33d19,33D19,fam_326df69be0d8,sg_927f1ae9923f,BASALT,TRAIN,family_fam_326df69be0d8
hsdp263a,HSDP263A,fam_9e37797382b8,sg_92c1d1e288e1,BASALT,TRAIN,family_fam_9e37797382b8
hsdp345,HSDP345,fam_c7f2bd325d49,sg_92c41d4e5e6a,BASALT,TRAIN,family_fam_c7f2bd325d49
ner321,NER321,fam_6878e6450ce9,sg_92cab9fba613,BASALT,TRAIN,family_fam_6878e6450ce9
17d11,17D11,fam_e2ce0a86a98d,sg_92dc54f20e09,BASALT,TRAIN,family_fam_e2ce0a86a98d
iahe9,IAHE9,fam_4ae731eef969,sg_936d48008930,BASALT,TRAIN,family_fam_4ae731eef969
hsdp232,HSDP232,fam_0a38b527c92c,sg_94d6abf14bc2,BASALT,TRAIN,family_fam_0a38b527c92c
umass18315,UMASS18315,fam_a27b32860bbb,sg_9578ce478be5,BASALT,TRAIN,family_fam_a27b32860bbb
hsdp144a,HSDP144A,fam_cd125ecd653e,sg_95a324fd79c5,BASALT,TRAIN,family_fam_cd125ecd653e
ner157,NER157,fam_5346b2ee0560,sg_95d3c3b909c2,BASALT,TRAIN,family_fam_5346b2ee0560
sk178,SK178,fam_263d05c8c6c5,sg_95f4c92b8086,BASALT,TRAIN,family_fam_263d05c8c6c5
ml37,ML37,fam_7fa1ee24dfce,sg_960e4d79b71e,BASALT,TRAIN,series_ml
w2r,W2R,fam_ec381a00345e,sg_963301c0ea10,BASALT,TRAIN,family_fam_ec381a00345e
hsdp126,HSDP126,fam_1c45f8d5001e,sg_96e3c4523587,BASALT,TRAIN,family_fam_1c45f8d5001e
213m,213M,fam_9033b3f8c9d1,sg_96f7ca1b9e88,BASALT,TRAIN,family_fam_9033b3f8c9d1
umass1857a,UMASS1857A,fam_116510dbf794,sg_974264fe5ded,BASALT,TRAIN,family_fam_116510dbf794
vh99po,VH99PO,fam_aaf9c93a347c,sg_9819ba687402,BASALT,TRAIN,family_fam_aaf9c93a347c
hsdp336h,HSDP336H,fam_8d9237fb40cc,sg_9869f519adfb,BASALT,TRAIN,family_fam_8d9237fb40cc
68d19,68D19,fam_c7bf7a1c511f,sg_98a66da73000,BASALT,TRAIN,family_fam_c7bf7a1c511f
sk224,SK224,fam_6688bb4a644c,sg_98e76d224fcd,BASALT,TRAIN,family_fam_6688bb4a644c
w5,W5,fam_93a28c3966d6,sg_98f7e59016e4,BASALT,TRAIN,family_fam_93a28c3966d6
hsdp36,HSDP36,fam_a700e91f008f,sg_9923c41e1400,BASALT,TRAIN,family_fam_a700e91f008f
hsdp36a,HSDP36A,fam_a700e91f008f,sg_9923c41e1400,BASALT,TRAIN,family_fam_a700e91f008f
iah8,IAH8,fam_68ad72831c58,sg_995ca474588a,BASALT,TRAIN,family_fam_68ad72831c58
81d4,81D4,fam_e42024238911,sg_997282e3beb2,BASALT,TRAIN,family_fam_e42024238911
iah344,IAH344,fam_c4575e5c9953,sg_9a19b2127577,BASALT,TRAIN,family_fam_c4575e5c9953
mg5a,MG5A,fam_321c8839689a,sg_9a250e42966c,BASALT,TRAIN,family_fam_321c8839689a
hsdp195a,HSDP195A,fam_58cfb1c954c2,sg_9a4f28242cc1,BASALT,TRAIN,family_fam_58cfb1c954c2
vh52,VH52,fam_9184b3b26f4e,sg_9a6bb2773203,BASALT,TRAIN,family_fam_9184b3b26f4e
hu02,HU02,fam_6047081ffb7d,sg_9a87f1bea5e0,BASALT,TRAIN,family_fam_6047081ffb7d
37d40,37D40,fam_c24696971957,sg_9b03816401eb,BASALT,TRAIN,family_fam_c24696971957
hsdp129,HSDP129,fam_c23abf88e47a,sg_9bd2c8b4acb8,BASALT,TRAIN,family_fam_c23abf88e47a
j98134,J98134,fam_3e5da9d5acd6,sg_9c0c9ba8b750,BASALT,TRAIN,family_fam_3e5da9d5acd6
hsdp193,HSDP193,fam_ee0334235102,sg_9c25463b4902,BASALT,TRAIN,family_fam_ee0334235102
vh43,VH43,fam_07316346564a,sg_9c681f42e501,BASALT,TRAIN,family_fam_07316346564a
18d10,18D10,fam_ff6d57bc3d68,sg_9cb0a7c75b14,BASALT,TRAIN,family_fam_ff6d57bc3d68
iahc1,IAHC1,fam_eb1e460ac9e8,sg_9cdd41854645,BASALT,TRAIN,family_fam_eb1e460ac9e8
ml269,ML269,fam_54f04398eb6a,sg_9cfd0dcfb192,BASALT,TRAIN,series_ml
41d3,41D3,fam_c86905b227b5,sg_9d2b70df227c,BASALT,TRAIN,family_fam_c86905b227b5
33d15,33D15,fam_e4c4bfbf371d,sg_9ed76ef028fe,BASALT,TRAIN,family_fam_e4c4bfbf371d
ml81,ML81,fam_e4ab56f44dbd,sg_9edd957e53fb,BASALT,TRAIN,series_ml
47d14,47D14,fam_adeb11f25df7,sg_a04ced7c9ee8,BASALT,TRAIN,family_fam_adeb11f25df7
rtb1,RTB1,fam_6dc261188238,sg_a1196e6e31b1,BASALT,TRAIN,family_fam_6dc261188238
stbk0306,STBK0306,fam_e66a98a1767b,sg_a19efc83313f,BASALT,TRAIN,family_fam_e66a98a1767b
ner309,NER309,fam_d91b209dcc84,sg_a1ba3f84f893,BASALT,TRAIN,family_fam_d91b209dcc84
ml52,ML52,fam_c73e35d93488,sg_a1c41687bf4e,BASALT,TRAIN,series_ml
ml284,ML284,fam_96ed264e8622,sg_a2108daad243,BASALT,TRAIN,series_ml
hsdp133,HSDP133,fam_eb0b4aff09cc,sg_a28ccbca5868,BASALT,TRAIN,family_fam_eb0b4aff09cc
7d16,7D16,fam_d03570eb072c,sg_a2c7ddcc181b,BASALT,TRAIN,family_fam_d03570eb072c
hsdp35,HSDP35,fam_e15fffe7a64e,sg_a2d7585ad8d5,BASALT,TRAIN,family_fam_e15fffe7a64e
hsdp35a,HSDP35A,fam_e15fffe7a64e,sg_a2d7585ad8d5,BASALT,TRAIN,family_fam_e15fffe7a64e
41d2,41D2,fam_6b56b6c434d3,sg_a2d8e906acc2,BASALT,TRAIN,family_fam_6b56b6c434d3
65d56,65D56,fam_db8765c84d8b,sg_a35993a181cb,BASALT,TRAIN,family_fam_db8765c84d8b
68d15,68D15,fam_abbe4ca8032a,sg_a3b1032c0a90,BASALT,TRAIN,family_fam_abbe4ca8032a
ner3316,NER3316,fam_edaf04e96c0e,sg_a3bfce0880c7,BASALT,TRAIN,family_fam_edaf04e96c0e
kv0422,KV0422,fam_8ec96459aaa4,sg_a3d00b200775,BASALT,TRAIN,family_fam_8ec96459aaa4
vh54,VH54,fam_a07f33a35fd5,sg_a3f69c2776aa,BASALT,TRAIN,family_fam_a07f33a35fd5
vh44,VH44,fam_f673c42322ee,sg_a41b469ae3c4,BASALT,TRAIN,family_fam_f673c42322ee
26d3,26D3,fam_796d1da0c061,sg_a521f13228cf,BASALT,TRAIN,family_fam_796d1da0c061
31d118,31D118,fam_f914a219d344,sg_a62f4c144334,BASALT,TRAIN,family_fam_f914a219d344
mr0616,MR0616,fam_067f6e11317b,sg_a64eec35689f,BASALT,TRAIN,family_fam_067f6e11317b
hsdp61,HSDP61,fam_b2c8b1970ab5,sg_a6742ca30999,BASALT,TRAIN,family_fam_b2c8b1970ab5
frt8447,FRT8447,fam_ab3eb3d7fe2f,sg_a68aca89d592,BASALT,TRAIN,family_fam_ab3eb3d7fe2f
rwv1,RWV1,fam_e0f5dcace592,sg_a6d87ab9dc6c,BASALT,TRAIN,family_fam_e0f5dcace592
hsdp2,HSDP2,fam_521ddb77b2c9,sg_a6e67f334ce8,BASALT,TRAIN,family_fam_521ddb77b2c9
hsdp2a,HSDP2A,fam_521ddb77b2c9,sg_a6e67f334ce8,BASALT,TRAIN,family_fam_521ddb77b2c9
ml83,ML83,fam_a1aab12bfedc,sg_a6fa5d9a24ed,BASALT,TRAIN,series_ml
rcb1,RCB1,fam_fad62a3950cc,sg_a70cd12a6d93,BASALT,TRAIN,family_fam_fad62a3950cc
hsdp333a,HSDP333A,fam_fbd32aebfd56,sg_a73472db0e25,BASALT,TRAIN,family_fam_fbd32aebfd56
kv0418,KV0418,fam_acde4b82d48e,sg_a7467fa1c2ea,BASALT,TRAIN,family_fam_acde4b82d48e
hsdp247,HSDP247,fam_7f308e736e66,sg_a74d5ad79f1e,BASALT,TRAIN,family_fam_7f308e736e66
78d1,78D1,fam_4595c3d3b064,sg_a765f0b9e81b,BASALT,TRAIN,family_fam_4595c3d3b064
78dtype1,78DTYPE1,fam_4595c3d3b064,sg_a765f0b9e81b,BASALT,TRAIN,family_fam_4595c3d3b064
hsdp245a,HSDP245A,fam_3d1c01f001b1,sg_a776ab3089e4,BASALT,TRAIN,family_fam_3d1c01f001b1
hsdp146,HSDP146,fam_68a036d6b437,sg_a77fcec2c9ae,BASALT,TRAIN,family_fam_68a036d6b437
43d1,43D1,fam_11a1b4c8f310,sg_a83458026092,BASALT,TRAIN,family_fam_11a1b4c8f310
hsdp115,HSDP115,fam_8e8504ff8f2a,sg_a88087c7b4fc,BASALT,TRAIN,family_fam_8e8504ff8f2a
ow2521,OW2521,fam_b93423ae3fd2,sg_a891a7f327b2,BASALT,TRAIN,family_fam_b93423ae3fd2
r734,R734,fam_07b1d83fc0eb,sg_a9543fe82d52,BASALT,TRAIN,family_fam_07b1d83fc0eb
sk208,SK208,fam_aab3c9777870,sg_a9e369dd4592,BASALT,TRAIN,family_fam_aab3c9777870
r502,R502,fam_40e525aff4aa,sg_a9f42d08a7c2,BASALT,TRAIN,family_fam_40e525aff4aa
72d1,72D1,fam_9709550984bf,sg_a9f91e3a7b55,BASALT,TRAIN,family_fam_9709550984bf
11d1,11D1,fam_8b78e6c5bebe,sg_aa16db193363,BASALT,TRAIN,family_fam_8b78e6c5bebe
203m,203M,fam_a25ffdd641db,sg_aaffe617df3b,BASALT,TRAIN,family_fam_a25ffdd641db
hsdp158,HSDP158,fam_06fd2ae48e94,sg_ab32b73860c1,BASALT,TRAIN,family_fam_06fd2ae48e94
ldm85,LDM85,fam_9bd97f8301cb,sg_ab641c7e1dd5,BASALT,TRAIN,family_fam_9bd97f8301cb
hsdp125,HSDP125,fam_0e9ae52bb820,sg_ab7210f8a8da,BASALT,TRAIN,family_fam_0e9ae52bb820
19d43,19D43,fam_eafa097c152a,sg_abd196dd30bf,BASALT,TRAIN,family_fam_eafa097c152a
sk174,SK174,fam_d907f0823fc0,sg_abeb74dbc7c5,BASALT,TRAIN,family_fam_d907f0823fc0
r694,R694,fam_45416fe1e4ac,sg_ac2d55017626,BASALT,TRAIN,family_fam_45416fe1e4ac
hsdp149,HSDP149,fam_f604b41c3741,sg_ac3f40544783,BASALT,TRAIN,family_fam_f604b41c3741
r451,R451,fam_3a3d10cc75ba,sg_adeec8e85613,BASALT,TRAIN,family_fam_3a3d10cc75ba
hsdp65,HSDP65,fam_69fa209f7301,sg_ae4fd886f4a0,BASALT,TRAIN,family_fam_69fa209f7301
hsdp65a,HSDP65A,fam_69fa209f7301,sg_ae4fd886f4a0,BASALT,TRAIN,family_fam_69fa209f7301
iahc5,IAHC5,fam_3984e68ee662,sg_ae78308204e9,BASALT,TRAIN,family_fam_3984e68ee662
hsdp268a,HSDP268A,fam_d0930b61a63d,sg_af0ddd9b8827,BASALT,TRAIN,family_fam_d0930b61a63d
hsdp228,HSDP228,fam_5884882e04f3,sg_af7d656487ab,BASALT,TRAIN,family_fam_5884882e04f3
frt8470,FRT8470,fam_70e2a04b2784,sg_afb565d1b993,BASALT,TRAIN,family_fam_70e2a04b2784
hsdp147,HSDP147,fam_72512e49c119,sg_afc9581e6fe1,BASALT,TRAIN,family_fam_72512e49c119
sk176,SK176,fam_3556d9fd346f,sg_afc9ffb7840e,BASALT,TRAIN,family_fam_3556d9fd346f
whks0307,WHKS0307,fam_f0783f9119ea,sg_b08ac1ac46d6,BASALT,TRAIN,family_fam_f0783f9119ea
mg0a,MG0A,fam_7c0230a4845e,sg_b0c2851d003f,BASALT,TRAIN,family_fam_7c0230a4845e
hsdp160a,HSDP160A,fam_af154d11a93a,sg_b19f7634ea7b,BASALT,TRAIN,family_fam_af154d11a93a
hsdp53,HSDP53,fam_87b2f70ca885,sg_b1ba1414ad3f,BASALT,TRAIN,family_fam_87b2f70ca885
hsdp53a,HSDP53A,fam_87b2f70ca885,sg_b1ba1414ad3f,BASALT,TRAIN,family_fam_87b2f70ca885
hsdp110a,HSDP110A,fam_3217bf9f8a2c,sg_b1fbf06e633d,BASALT,TRAIN,family_fam_3217bf9f8a2c
36d2,36D2,fam_670d9f24ff9b,sg_b21bd48cb78e,BASALT,TRAIN,family_fam_670d9f24ff9b
rsl3,RSL3,fam_1945b2e45c0d,sg_b2333f6a0f40,BASALT,TRAIN,family_fam_1945b2e45c0d
kaupoflow,KAUPOFLOW,fam_3e150f9c35f1,sg_b488bb56a4fa,BASALT,TRAIN,family_fam_3e150f9c35f1
hsdp46a,HSDP46A,fam_ca43488d7a8b,sg_b49df7c87213,BASALT,TRAIN,family_fam_ca43488d7a8b
hsdp46aa,HSDP46AA,fam_ca43488d7a8b,sg_b49df7c87213,BASALT,TRAIN,family_fam_ca43488d7a8b
hsdp46b,HSDP46B,fam_ca43488d7a8b,sg_b49df7c87213,BASALT,TRAIN,family_fam_ca43488d7a8b
iahc4,IAHC4,fam_fa5fd0ef39e7,sg_b4ac19f1e160,BASALT,TRAIN,family_fam_fa5fd0ef39e7
hsdp291a,HSDP291A,fam_ae7bb1cb97f9,sg_b4b8944bd48c,BASALT,TRAIN,family_fam_ae7bb1cb97f9
50d63,50D63,fam_81b8a552352a,sg_b4ff3c7c43f6,BASALT,TRAIN,family_fam_81b8a552352a
hsdp343e,HSDP343E,fam_7a60a715dd19,sg_b5386cbf08e8,BASALT,TRAIN,family_fam_7a60a715dd19
sw91,SW91,fam_81516350118a,sg_b543fffd8d48,BASALT,TRAIN,family_fam_81516350118a
28d26,28D26,fam_ab14d5c3c7ee,sg_b574e89407b8,BASALT,TRAIN,family_fam_ab14d5c3c7ee
rwv862,RWV862,fam_3e6255c34c39,sg_b6474c5de2e7,BASALT,TRAIN,family_fam_3e6255c34c39
hsdp316a,HSDP316A,fam_86e25c330736,sg_b6624ad16f57,BASALT,TRAIN,family_fam_86e25c330736
23d8,23D8,fam_115714380801,sg_b6f98e994f20,BASALT,TRAIN,family_fam_115714380801
6d59,6D59,fam_f1f1d76b97fc,sg_b7357fb84233,BASALT,TRAIN,family_fam_f1f1d76b97fc
guwbm,GUWBM,fam_9adde669db31,sg_b7c87d0ebd54,BASALT,TRAIN,family_fam_9adde669db31
hsdp338,HSDP338,fam_d793555cee0e,sg_b86973f495e9,BASALT,TRAIN,family_fam_d793555cee0e
54d2,54D2,fam_5d8d642201d9,sg_b8ab7421cf5e,BASALT,TRAIN,family_fam_5d8d642201d9
hsdp95,HSDP95,fam_1299b05dfb43,sg_b907454790b5,BASALT,TRAIN,family_fam_1299b05dfb43
ml31,ML31,fam_4a7ed7346414,sg_b925076ff4fb,BASALT,TRAIN,series_ml
ml288,ML288,fam_ee69be1b9660,sg_b9a22e4ebdd0,BASALT,TRAIN,series_ml
ml34,ML34,fam_5f31e1763b05,sg_babcdcd641bf,BASALT,TRAIN,series_ml
sw120,SW120,fam_869f4a208eae,sg_bae171c09ebe,BASALT,TRAIN,family_fam_869f4a208eae
44d6,44D6,fam_c5c38aa508b0,sg_bc51f0f9509c,BASALT,TRAIN,family_fam_c5c38aa508b0
hsdp325c,HSDP325C,fam_20c8bbc1a17b,sg_bc75dc94a7f8,BASALT,TRAIN,family_fam_20c8bbc1a17b
iahg13,IAHG13,fam_3bc1ee4cd620,sg_bcada0c45ec7,BASALT,TRAIN,family_fam_3bc1ee4cd620
21d35,21D35,fam_452edbaae52d,sg_bd0d2c95561b,BASALT,TRAIN,family_fam_452edbaae52d
hsdp315,HSDP315,fam_467f36ece4ab,sg_bdb2ff9c784c,BASALT,TRAIN,family_fam_467f36ece4ab
hsdp266,HSDP266,fam_83f9a4066e72,sg_be0ed152386d,BASALT,TRAIN,family_fam_83f9a4066e72
sk220,SK220,fam_517ff4e1e931,sg_bef6e3e4c445,BASALT,TRAIN,family_fam_517ff4e1e931
hsdp283a,HSDP283A,fam_983952101626,sg_bf2f4a3c18b7,BASALT,TRAIN,family_fam_983952101626
umass1856a,UMASS1856A,fam_4e7916ae159a,sg_bfaea1df6a23,BASALT,TRAIN,family_fam_4e7916ae159a
umass1856b,UMASS1856B,fam_4e7916ae159a,sg_bfaea1df6a23,BASALT,TRAIN,family_fam_4e7916ae159a
kv0423,KV0423,fam_587208879ac6,sg_bfe0dce4eefd,BASALT,TRAIN,family_fam_587208879ac6
47d48,47D48,fam_8370a56548a0,sg_c02477e0bcaa,BASALT,TRAIN,family_fam_8370a56548a0
ml190,ML190,fam_7d62e9b6579b,sg_c02772e9d17e,BASALT,TRAIN,series_ml
hsdp9,HSDP9,fam_93f88a9d8884,sg_c13c1f4f7590,BASALT,TRAIN,family_fam_93f88a9d8884
hsdp9a,HSDP9A,fam_93f88a9d8884,sg_c13c1f4f7590,BASALT,TRAIN,family_fam_93f88a9d8884
hsdp98,HSDP98,fam_b1e612b8f585,sg_c174986ec450,BASALT,TRAIN,family_fam_b1e612b8f585
hsdp98a,HSDP98A,fam_b1e612b8f585,sg_c174986ec450,BASALT,TRAIN,family_fam_b1e612b8f585
pbm3,PBM3,fam_461f784a1ad9,sg_c17531b32b2e,BASALT,TRAIN,family_fam_461f784a1ad9
60d1,60D1,fam_01323f4b4608,sg_c1ad331ee16f,BASALT,TRAIN,family_fam_01323f4b4608
rsl2,RSL2,fam_5a6b53b0ed91,sg_c1eab637f105,BASALT,TRAIN,family_fam_5a6b53b0ed91
hsdp70,HSDP70,fam_48792bfacd11,sg_c210860d5772,BASALT,TRAIN,family_fam_48792bfacd11
hsdp70a,HSDP70A,fam_48792bfacd11,sg_c210860d5772,BASALT,TRAIN,family_fam_48792bfacd11
ow2442,OW2442,fam_b5e7888b74e8,sg_c24e67dcaab9,BASALT,TRAIN,family_fam_b5e7888b74e8
hsdp104,HSDP104,fam_ecba316eaef6,sg_c2581fd8facc,BASALT,TRAIN,family_fam_ecba316eaef6
hsdp54,HSDP54,fam_be41d0cd7685,sg_c2fc8bb6c02c,BASALT,TRAIN,family_fam_be41d0cd7685
tt632982,TT632982,fam_67bcac052fcf,sg_c363b4c08f39,BASALT,TRAIN,family_fam_67bcac052fcf
hsdp7,HSDP7,fam_8249b248efc5,sg_c3bcdb1d5e00,BASALT,TRAIN,family_fam_8249b248efc5
hsdp7a,HSDP7A,fam_8249b248efc5,sg_c3bcdb1d5e00,BASALT,TRAIN,family_fam_8249b248efc5
hsdp88,HSDP88,fam_48acf8b488a3,sg_c3c7f6012af2,BASALT,TRAIN,family_fam_48acf8b488a3
hsdp88a,HSDP88A,fam_48acf8b488a3,sg_c3c7f6012af2,BASALT,TRAIN,family_fam_48acf8b488a3
hsdp22,HSDP22,fam_666c420909a0,sg_c3e01f1d1de5,BASALT,TRAIN,family_fam_666c420909a0
hsdp22a,HSDP22A,fam_666c420909a0,sg_c3e01f1d1de5,BASALT,TRAIN,family_fam_666c420909a0
hsdp26,HSDP26,fam_a066682157ad,sg_c3eec5ff026a,BASALT,TRAIN,family_fam_a066682157ad
hsdp26a,HSDP26A,fam_a066682157ad,sg_c3eec5ff026a,BASALT,TRAIN,family_fam_a066682157ad
hsdp138a,HSDP138A,fam_4321011b626d,sg_c441625f2c10,BASALT,TRAIN,family_fam_4321011b626d
iahe6,IAHE6,fam_e0afb950d3fd,sg_c441757ed8c3,BASALT,TRAIN,family_fam_e0afb950d3fd
tt1758d5,TT1758D5,fam_c65bd14a5f2f,sg_c4b23c32eab0,BASALT,TRAIN,family_fam_c65bd14a5f2f
ow2544,OW2544,fam_f2fbf546cc04,sg_c4c01e5a382f,BASALT,TRAIN,family_fam_f2fbf546cc04
mg4ak,MG4AK,fam_f403200ab548,sg_c56cb64d0f96,BASALT,TRAIN,family_fam_f403200ab548
43d0a,43D0A,fam_f89ac3eddd43,sg_c59dc58b7231,BASALT,TRAIN,family_fam_f89ac3eddd43
hsdp113,HSDP113,fam_9e1be9d76fd4,sg_c61e96ab2b88,BASALT,TRAIN,family_fam_9e1be9d76fd4
iahd3,IAHD3,fam_d6cde7b813e9,sg_c70fd712a9ed,BASALT,TRAIN,family_fam_d6cde7b813e9
w3,W3,fam_2dda784cf25c,sg_c71db0365492,BASALT,TRAIN,family_fam_2dda784cf25c
43d15,43D15,fam_1de50e2baa7f,sg_c7553d0b04fe,BASALT,TRAIN,family_fam_1de50e2baa7f
18d1a,18D1A,fam_8546a4a71ff2,sg_c770817426fd,BASALT,TRAIN,family_fam_8546a4a71ff2
pbsg,PBSG,fam_e6bdc26d0f61,sg_c782b3dde914,BASALT,TRAIN,family_fam_e6bdc26d0f61
1d13,1D13,fam_2ca3a8492f96,sg_c7a48996b553,BASALT,TRAIN,family_fam_2ca3a8492f96
ml88,ML88,fam_56d43a2474d7,sg_c7e18b04cc32,BASALT,TRAIN,series_ml
mg7a,MG7A,fam_c9c916e43d75,sg_c803a171be08,BASALT,TRAIN,family_fam_c9c916e43d75
sw53,SW53,fam_7269a2c01946,sg_c89ab5cfd253,BASALT,TRAIN,family_fam_7269a2c01946
hsdp71,HSDP71,fam_04b9b46d9353,sg_c8f0b9cc75a0,BASALT,TRAIN,family_fam_04b9b46d9353
r170,R170,fam_04b9b46d9353,sg_c8f0b9cc75a0,BASALT,TRAIN,family_fam_04b9b46d9353
iahc2,IAHC2,fam_2759a4fd394b,sg_c96d8823d1f0,BASALT,TRAIN,family_fam_2759a4fd394b
hsdp134,HSDP134,fam_61d07a218db6,sg_c97e21d8a3d9,BASALT,TRAIN,family_fam_61d07a218db6
hsdp107a,HSDP107A,fam_7e004f737d27,sg_c99c4d191322,BASALT,TRAIN,family_fam_7e004f737d27
rde1,RDE1,fam_e294e8adc07c,sg_c9b01c05b48a,BASALT,TRAIN,family_fam_e294e8adc07c
m13,M13,fam_b254e964f522,sg_c9cf5a2a0114,BASALT,TRAIN,family_fam_b254e964f522
ml41,ML41,fam_1dab20969081,sg_cac67493a287,BASALT,TRAIN,series_ml
iah217,IAH217,fam_e867109fa168,sg_cb02858f8bc5,BASALT,TRAIN,family_fam_e867109fa168
umass1858,UMASS1858,fam_a6f3c58c80e3,sg_cb09a5af884d,BASALT,TRAIN,family_fam_a6f3c58c80e3
sk206,SK206,fam_951cf4e489c4,sg_cb7201ec5f67,BASALT,TRAIN,family_fam_951cf4e489c4
hsdp162,HSDP162,fam_2cddbeeafb59,sg_cbf103e471aa,BASALT,TRAIN,family_fam_2cddbeeafb59
hsdp102,HSDP102,fam_bf58840d504b,sg_cc9478317ace,BASALT,TRAIN,family_fam_bf58840d504b
iahds2,IAHDS2,fam_62d454fcc837,sg_cca618444872,BASALT,TRAIN,family_fam_62d454fcc837
6d23,6D23,fam_169964a66974,sg_ccc412a51a40,BASALT,TRAIN,family_fam_169964a66974
hsdp68,HSDP68,fam_883d1765c45f,sg_cd0ea40e0b84,BASALT,TRAIN,family_fam_883d1765c45f
hsdp49,HSDP49,fam_42fe55b31b46,sg_cd116c0d6ffe,BASALT,TRAIN,family_fam_42fe55b31b46
hsdp49a,HSDP49A,fam_42fe55b31b46,sg_cd116c0d6ffe,BASALT,TRAIN,family_fam_42fe55b31b46
65d13,65D13,fam_5ecac9dbaab6,sg_cd1ff0869c25,BASALT,TRAIN,family_fam_5ecac9dbaab6
ldm274,LDM274,fam_3fcb2e80decc,sg_cd51fce979d6,BASALT,TRAIN,family_fam_3fcb2e80decc
hsdp8,HSDP8,fam_272e6afa37e3,sg_cdb33338dfc5,BASALT,TRAIN,family_fam_272e6afa37e3
hsdp8a,HSDP8A,fam_272e6afa37e3,sg_cdb33338dfc5,BASALT,TRAIN,family_fam_272e6afa37e3
10d7,10D7,fam_bb08b4fd970d,sg_cdda43b429fa,BASALT,TRAIN,family_fam_bb08b4fd970d
ner2846,NER2846,fam_424d01a53863,sg_ce1d7e31531b,BASALT,TRAIN,family_fam_424d01a53863
iahi8,IAHI8,fam_8e78bee585b6,sg_cea773572d97,BASALT,TRAIN,family_fam_8e78bee585b6
stbk0305,STBK0305,fam_83d6867fb9ee,sg_cfb0ba0cf449,BASALT,TRAIN,family_fam_83d6867fb9ee
21d1,21D1,fam_895947c25a3d,sg_cfd46031fc67,BASALT,TRAIN,family_fam_895947c25a3d
uh02186d,UH02186D,fam_d1499c450601,sg_cff454fe2d0b,BASALT,TRAIN,family_fam_d1499c450601
55d17,55D17,fam_77e95a0931c1,sg_d0f60768708d,BASALT,TRAIN,family_fam_77e95a0931c1
r117,R117,fam_1a68fa06c7c0,sg_d170265d8436,BASALT,TRAIN,family_fam_1a68fa06c7c0
ner1511,NER1511,fam_ee77c95a02eb,sg_d232a6249d20,BASALT,TRAIN,family_fam_ee77c95a02eb
sk210,SK210,fam_182078ced60d,sg_d27b5704f318,BASALT,TRAIN,family_fam_182078ced60d
w14k,W14K,fam_c6292464cd24,sg_d29ff74f592a,BASALT,TRAIN,family_fam_c6292464cd24
hsdp249,HSDP249,fam_65c167fb7071,sg_d36cd2dd0aad,BASALT,TRAIN,family_fam_65c167fb7071
60d29,60D29,fam_c848b2cbde63,sg_d3e17370a1c0,BASALT,TRAIN,family_fam_c848b2cbde63
whks0306,WHKS0306,fam_b02c0f358cab,sg_d45613042287,BASALT,TRAIN,family_fam_b02c0f358cab
rsf1,RSF1,fam_0a9423a9d3d5,sg_d4bab10ade6f,BASALT,TRAIN,family_fam_0a9423a9d3d5
hsdp78,HSDP78,fam_dc45ef658af6,sg_d4fb4bb7b480,BASALT,TRAIN,family_fam_dc45ef658af6
hsdp224a,HSDP224A,fam_2fcad49efc49,sg_d5a6d43f46d5,BASALT,TRAIN,family_fam_2fcad49efc49
hsdp4,HSDP4,fam_020f677b8cd6,sg_d672a825161d,BASALT,TRAIN,family_fam_020f677b8cd6
rdv14,RDV14,fam_eca1e0685272,sg_d67aabf01bcc,BASALT,TRAIN,family_fam_eca1e0685272
umass1836,UMASS1836,fam_6e6be5d78d00,sg_d743679f1ee9,BASALT,TRAIN,family_fam_6e6be5d78d00
umass18511,UMASS18511,fam_54041faa4ac2,sg_d7673dd275e2,BASALT,TRAIN,family_fam_54041faa4ac2
hsdp101,HSDP101,fam_fc6bcb2c7f8c,sg_d86cfba2e79f,BASALT,TRAIN,family_fam_fc6bcb2c7f8c
hsdp52,HSDP52,fam_2fdb6cbae43e,sg_d8c757455628,BASALT,TRAIN,family_fam_2fdb6cbae43e
ldm146,LDM146,fam_59d2f7d4d44d,sg_d8f32bbb1757,BASALT,TRAIN,family_fam_59d2f7d4d44d
hsdp336ca,HSDP336CA,fam_268535fb4b4f,sg_d92f3c80bd36,BASALT,TRAIN,family_fam_268535fb4b4f
hsdp14,HSDP14,fam_52f54f503cdd,sg_d9662d4cb368,BASALT,TRAIN,family_fam_52f54f503cdd
mg6a,MG6A,fam_77ce660a5723,sg_da04c8bd1c52,BASALT,TRAIN,family_fam_77ce660a5723
hsdp69,HSDP69,fam_557760b06c8c,sg_da3c3a3a5157,BASALT,TRAIN,family_fam_557760b06c8c
ben,BEN,fam_73675debcd8a,sg_da441f5edd58,BASALT,TRAIN,family_fam_73675debcd8a
hsdp161,HSDP161,fam_03810fb6b760,sg_da6e5b502771,BASALT,TRAIN,family_fam_03810fb6b760
tt63306,TT63306,fam_82f5ac90145a,sg_da9a208b11fd,BASALT,TRAIN,family_fam_82f5ac90145a
68d43,68D43,fam_89b23f6637f3,sg_dab6239c7384,BASALT,TRAIN,family_fam_89b23f6637f3
41d37,41D37,fam_395fb8150885,sg_dac2420bc6a6,BASALT,TRAIN,family_fam_395fb8150885
hsdp43,HSDP43,fam_0bf07408b09e,sg_db1db33c51e3,BASALT,TRAIN,family_fam_0bf07408b09e
hsdp43a,HSDP43A,fam_0bf07408b09e,sg_db1db33c51e3,BASALT,TRAIN,family_fam_0bf07408b09e
sk201,SK201,fam_1cc9d193c676,sg_db8ee9c14586,BASALT,TRAIN,family_fam_1cc9d193c676
hsdp165,HSDP165,fam_643b939b8c88,sg_dc9dabf4b489,BASALT,TRAIN,family_fam_643b939b8c88
68d6,68D6,fam_12eb9b1535d2,sg_dc9e9a6c084c,BASALT,TRAIN,family_fam_12eb9b1535d2
216m,216M,fam_0e39ebaac0af,sg_ddc61987da4a,BASALT,TRAIN,family_fam_0e39ebaac0af
37d2,37D2,fam_17e92143782d,sg_dde7d15623f0,BASALT,TRAIN,family_fam_17e92143782d
rdv1,RDV1,fam_e39d6c2a33cd,sg_de43b6184076,BASALT,TRAIN,family_fam_e39d6c2a33cd
41d22,41D22,fam_13f85d619fd3,sg_dee12d68f738,BASALT,TRAIN,family_fam_13f85d619fd3
hsdp58,HSDP58,fam_a30639c072a4,sg_df56ac5b9d40,BASALT,TRAIN,family_fam_a30639c072a4
11d2,11D2,fam_5f72929371c5,sg_dfd73d1618c1,BASALT,TRAIN,family_fam_5f72929371c5
ml285,ML285,fam_389bf3dd401e,sg_e012f5a494c7,BASALT,TRAIN,series_ml
ner313,NER313,fam_fd0960c02e16,sg_e01c5d77c5ec,BASALT,TRAIN,family_fam_fd0960c02e16
umass1855,UMASS1855,fam_c11ea1cc8474,sg_e068b88ae3d8,BASALT,TRAIN,family_fam_c11ea1cc8474
8d19,8D19,fam_0936b40f2bf0,sg_e09624596d5b,BASALT,TRAIN,family_fam_0936b40f2bf0
umass18412,UMASS18412,fam_b33453c82f19,sg_e0a9a16be06f,BASALT,TRAIN,family_fam_b33453c82f19
umass18510,UMASS18510,fam_6b0422314ab1,sg_e13573442c8a,BASALT,TRAIN,family_fam_6b0422314ab1
8d5,8D5,fam_e3a1103db22c,sg_e19865b6e656,BASALT,TRAIN,family_fam_e3a1103db22c
iahg6,IAHG6,fam_b74a17ef5342,sg_e1c7ab968d4f,BASALT,TRAIN,family_fam_b74a17ef5342
hsdp336e,HSDP336E,fam_36c453a86eb8,sg_e2238d3dcc5c,BASALT,TRAIN,family_fam_36c453a86eb8
w8,W8,fam_04a80b487701,sg_e27b99d2262e,BASALT,TRAIN,family_fam_04a80b487701
hsdp344b,HSDP344B,fam_c898ca9a5c87,sg_e2eed4138e81,BASALT,TRAIN,family_fam_c898ca9a5c87
sk213,SK213,fam_2102f31d960a,sg_e3391ac5b85f,BASALT,TRAIN,family_fam_2102f31d960a
cobb,COBB,fam_2b794d1cb2bb,sg_e35b083932df,BASALT,TRAIN,family_fam_2b794d1cb2bb
tt1758d11,TT1758D11,fam_c94b1f4d3c84,sg_e3a7fc02947f,BASALT,TRAIN,family_fam_c94b1f4d3c84
iah341,IAH341,fam_7d6bc8984a98,sg_e3bd2bded41e,BASALT,TRAIN,family_fam_7d6bc8984a98
70d24,70D24,fam_21784770af53,sg_e4e1beb937a3,BASALT,TRAIN,family_fam_21784770af53
sk209,SK209,fam_ffedc362d896,sg_e56497bfe857,BASALT,TRAIN,family_fam_ffedc362d896
roza891,ROZA891,fam_396edb93649c,sg_e59e4741a5b5,BASALT,TRAIN,family_fam_396edb93649c
w13,W13,fam_adc78f784c9d,sg_e66122623dd4,BASALT,TRAIN,family_fam_adc78f784c9d
hsdp85,HSDP85,fam_e4347473309b,sg_e66aec104211,BASALT,TRAIN,family_fam_e4347473309b
rfg1,RFG1,fam_639a6c5264e1,sg_e678c880c558,BASALT,TRAIN,family_fam_639a6c5264e1
41d42,41D42,fam_504797ffbc64,sg_e70e15ba3ab2,BASALT,TRAIN,family_fam_504797ffbc64
hsdp215,HSDP215,fam_b50d501953dc,sg_e8bf91800e48,BASALT,TRAIN,family_fam_b50d501953dc
hsdp145,HSDP145,fam_777e8efe3bde,sg_e93fbc0447fa,BASALT,TRAIN,family_fam_777e8efe3bde
tt53122,TT53122,fam_a3ddefce6198,sg_e97696d25180,BASALT,TRAIN,family_fam_a3ddefce6198
iahee14,IAHEE14,fam_a30207ec9df7,sg_e97f837797bf,BASALT,TRAIN,family_fam_a30207ec9df7
r103,R103,fam_8584170b9cc0,sg_e9cda6b3dc34,BASALT,TRAIN,family_fam_8584170b9cc0
hsdp86,HSDP86,fam_fa431bf65f37,sg_e9f56a3e224d,BASALT,TRAIN,family_fam_fa431bf65f37
r427,R427,fam_5b94198e846e,sg_e9ff16d2abea,BASALT,TRAIN,family_fam_5b94198e846e
pw1,PW1,fam_02c593fd9af8,sg_ea3b1dcc5eb2,BASALT,TRAIN,family_fam_02c593fd9af8
sw10,SW10,fam_7316668dd944,sg_ea6f8fc3ce94,BASALT,TRAIN,family_fam_7316668dd944
w19,W19,fam_89510a02238e,sg_eaf000e0977f,BASALT,TRAIN,family_fam_89510a02238e
uh02213,UH02213,fam_c2afad2034c9,sg_eb5ed413316a,BASALT,TRAIN,family_fam_c2afad2034c9
hsdp170,HSDP170,fam_c4ab4038ae01,sg_eb92ef03fce6,BASALT,TRAIN,family_fam_c4ab4038ae01
hsdp90,HSDP90,fam_a99fa25e8c5a,sg_ec351c0f8b85,BASALT,TRAIN,family_fam_a99fa25e8c5a
umass1834,UMASS1834,fam_b04978ea6ee4,sg_ec569d2ef589,BASALT,TRAIN,family_fam_b04978ea6ee4
rwv861,RWV861,fam_52d634d8d5f0,sg_ec5dbf1b4c98,BASALT,TRAIN,family_fam_52d634d8d5f0
rco2,RCO2,fam_d104d06e6a6b,sg_ec7071523cdc,BASALT,TRAIN,family_fam_d104d06e6a6b
hsdp5,HSDP5,fam_35872485878a,sg_ed27d0b18ba8,BASALT,TRAIN,family_fam_35872485878a
hsdp40,HSDP40,fam_2a852bdefa27,sg_edf469af5459,BASALT,TRAIN,family_fam_2a852bdefa27
hsdp40a,HSDP40A,fam_2a852bdefa27,sg_edf469af5459,BASALT,TRAIN,family_fam_2a852bdefa27
r128,R128,fam_2b3a45c5855e,sg_ee04932876f4,BASALT,TRAIN,family_fam_2b3a45c5855e
frt8459,FRT8459,fam_5d58d4f7a4d8,sg_ee87d2c06f94,BASALT,TRAIN,family_fam_5d58d4f7a4d8
r142,R142,fam_e76e611fd08b,sg_eecf5c165e9e,BASALT,TRAIN,family_fam_e76e611fd08b
70d50,70D50,fam_f6f687350185,sg_ef0c3fcf310d,BASALT,TRAIN,family_fam_f6f687350185
ner1621,NER1621,fam_255f1e7eef98,sg_ef2dfd5764fd,BASALT,TRAIN,family_fam_255f1e7eef98
72d15,72D15,fam_de8e318e9d73,sg_ef521f83b4c7,BASALT,TRAIN,family_fam_de8e318e9d73
rsl4,RSL4,fam_e56a196db9aa,sg_ef8de9b49045,BASALT,TRAIN,family_fam_e56a196db9aa
sw36,SW36,fam_6d317681190c,sg_f045ccac0a15,BASALT,TRAIN,family_fam_6d317681190c
umass1833,UMASS1833,fam_2a7687e410aa,sg_f05c42e422c8,BASALT,TRAIN,family_fam_2a7687e410aa
sk205,SK205,fam_8f603de9a025,sg_f0ad12e75497,BASALT,TRAIN,family_fam_8f603de9a025
ml223,ML223,fam_a74b9159100f,sg_f0f02fc546af,BASALT,TRAIN,series_ml
hsdp135a,HSDP135A,fam_f6ff898cb7f8,sg_f111672faea6,BASALT,TRAIN,family_fam_f6ff898cb7f8
rsl6,RSL6,fam_67f4cb0031fd,sg_f21ebf7d4c22,BASALT,TRAIN,family_fam_67f4cb0031fd
77d7,77D7,fam_09e32e4e5cdc,sg_f22decf9ce0b,BASALT,TRAIN,family_fam_09e32e4e5cdc
stbk0304,STBK0304,fam_1ba932cdbb9b,sg_f24d5de1a3e4,BASALT,TRAIN,family_fam_1ba932cdbb9b
ml91,ML91,fam_d3be43e034af,sg_f262b6dcf623,BASALT,TRAIN,series_ml
hsdp309c,HSDP309C,fam_df9e466fc96e,sg_f26c784931e9,BASALT,TRAIN,family_fam_df9e466fc96e
hsdp320a,HSDP320A,fam_3e6a0b643faf,sg_f275ef1dd8e4,BASALT,TRAIN,family_fam_3e6a0b643faf
r75,R75,fam_e4c8561f2bf0,sg_f2ce438f7efd,BASALT,TRAIN,family_fam_e4c8561f2bf0
umass1838,UMASS1838,fam_ceb6683508f6,sg_f3299b6cfa0a,BASALT,TRAIN,family_fam_ceb6683508f6
umass1842,UMASS1842,fam_10d11faaceee,sg_f386de11cca0,BASALT,TRAIN,family_fam_10d11faaceee
iahdiabase2,IAHDIABASE2,fam_4c460d1b6228,sg_f426b700f769,BASALT,TRAIN,family_fam_4c460d1b6228
vh40,VH40,fam_6ea0485eb822,sg_f451a3f1f988,BASALT,TRAIN,family_fam_6ea0485eb822
roza8736,ROZA8736,fam_522906777110,sg_f488fd61cdd4,BASALT,TRAIN,family_fam_522906777110
w18,W18,fam_139d013d2034,sg_f50d071cdbb5,BASALT,TRAIN,family_fam_139d013d2034
20d25,20D25,fam_88112af625f4,sg_f551831c1c8f,BASALT,TRAIN,family_fam_88112af625f4
iahg3,IAHG3,fam_0a8002a5d284,sg_f5c50ae7f9ba,BASALT,TRAIN,family_fam_0a8002a5d284
hsdp94,HSDP94,fam_be672ac6af3f,sg_f5c5c4b56de9,BASALT,TRAIN,family_fam_be672ac6af3f
hsdp94a,HSDP94A,fam_be672ac6af3f,sg_f5c5c4b56de9,BASALT,TRAIN,family_fam_be672ac6af3f
hsdp99,HSDP99,fam_ee0ce7c468f4,sg_f602e245de12,BASALT,TRAIN,family_fam_ee0ce7c468f4
34d1,34D1,fam_966136fdf0d4,sg_f618248f4805,BASALT,TRAIN,family_fam_966136fdf0d4
r865,R865,fam_1eb2965d0ecc,sg_f6a37db4b258,BASALT,TRAIN,family_fam_1eb2965d0ecc
umass1845,UMASS1845,fam_80747ae04320,sg_f6d3af5faa48,BASALT,TRAIN,family_fam_80747ae04320
sk215,SK215,fam_2a97070dfa06,sg_f6def7e66bb7,BASALT,TRAIN,family_fam_2a97070dfa06
26d8a,26D8A,fam_589fee440dbc,sg_f79e88a42e0b,BASALT,TRAIN,family_fam_589fee440dbc
hsdp119a,HSDP119A,fam_fe747171de89,sg_f7fa74bcce29,BASALT,TRAIN,family_fam_fe747171de89
hsdp280,HSDP280,fam_c1ba92aa5a34,sg_f810a5966c8d,BASALT,TRAIN,family_fam_c1ba92aa5a34
15d30,15D30,fam_378d464ddf20,sg_f85aa8b332e6,BASALT,TRAIN,family_fam_378d464ddf20
vh48,VH48,fam_f6e08bd7ad06,sg_f8ec8b3b677d,BASALT,TRAIN,family_fam_f6e08bd7ad06
vh100po,VH100PO,fam_9c90ea4f4c97,sg_f91a6474512b,BASALT,TRAIN,family_fam_9c90ea4f4c97
hsdp116a,HSDP116A,fam_a381ca137213,sg_f92aab08b92d,BASALT,TRAIN,family_fam_a381ca137213
hsdp130a,HSDP130A,fam_8c02e789354f,sg_fb03952a164d,BASALT,TRAIN,family_fam_8c02e789354f
83m,83M,fam_1675abd6e7e6,sg_fb446460028b,BASALT,TRAIN,family_fam_1675abd6e7e6
hsdp103,HSDP103,fam_c42bc5358081,sg_fb514abe8f04,BASALT,TRAIN,family_fam_c42bc5358081
mg2,MG2,fam_8e1009469406,sg_fb55d96c3e57,BASALT,TRAIN,family_fam_8e1009469406
mg2b,MG2B,fam_8e1009469406,sg_fb55d96c3e57,BASALT,TRAIN,family_fam_8e1009469406
vh42,VH42,fam_017bd531fc40,sg_fb56128fee6d,BASALT,TRAIN,family_fam_017bd531fc40
tt153104,TT153104,fam_8e152d83ffc3,sg_fc1a0ef269a8,BASALT,TRAIN,family_fam_8e152d83ffc3
hsdp137,HSDP137,fam_08ea1ed15b46,sg_fc604f359339,BASALT,TRAIN,family_fam_08ea1ed15b46
hsdp13,HSDP13,fam_30096325ede3,sg_fcb28d1a70b2,BASALT,TRAIN,family_fam_30096325ede3
hsdp310ea,HSDP310EA,fam_9ed45bd63376,sg_fce6c930dc9d,BASALT,TRAIN,family_fam_9ed45bd63376
hsdp251,HSDP251,fam_3bbc3122a2e9,sg_fce9b1d790eb,BASALT,TRAIN,family_fam_3bbc3122a2e9
hsdp203,HSDP203,fam_4ac482e350c6,sg_fd1909d87a5d,BASALT,TRAIN,family_fam_4ac482e350c6
hsdp97,HSDP97,fam_1797109e7ff8,sg_fd1b513ef447,BASALT,TRAIN,family_fam_1797109e7ff8
hsdp41,HSDP41,fam_1eea2de46b26,sg_fd40b6cc9e29,BASALT,TRAIN,family_fam_1eea2de46b26
hsdp143,HSDP143,fam_54b7aaacdf8c,sg_fd4f5ba9041b,BASALT,TRAIN,family_fam_54b7aaacdf8c
hsdp142a,HSDP142A,fam_d537f21f17a0,sg_fd91e6501822,BASALT,TRAIN,family_fam_d537f21f17a0
r108,R108,fam_d5ae5a316557,sg_fd96938826db,BASALT,TRAIN,family_fam_d5ae5a316557
iah230mdwh,IAH230MDWH,fam_d6190e54272e,sg_fdad8264c312,BASALT,TRAIN,family_fam_d6190e54272e
hsdp47,HSDP47,fam_fba47bd10475,sg_fdf7edf3b11e,BASALT,TRAIN,family_fam_fba47bd10475
hsdp47a,HSDP47A,fam_fba47bd10475,sg_fdf7edf3b11e,BASALT,TRAIN,family_fam_fba47bd10475
rli1,RLI1,fam_dfcc29e0a150,sg_ff128652fa52,BASALT,TRAIN,family_fam_dfcc29e0a150
hsdp236,HSDP236,fam_9d5989e8e592,sg_ff4e8f438d10,BASALT,TRAIN,family_fam_9d5989e8e592
ml86,ML86,fam_6c6502205c58,sg_ff8bbbaa9de1,BASALT,TRAIN,series_ml
alr02,ALR02,fam_ac7f9355e2fb,sg_0b39384c2513,BASALTICANDESITE,TRAIN,family_fam_ac7f9355e2fb
ldm233,LDM233,fam_72a67af7a9f8,sg_149307ad41d6,BASALTICANDESITE,TRAIN,family_fam_72a67af7a9f8
ldm81,LDM81,fam_ea65608d7710,sg_163cb60b546a,BASALTICANDESITE,TRAIN,family_fam_ea65608d7710
vh56,VH56,fam_0e5909b412cd,sg_21afbbc4d5bf,BASALTICANDESITE,TRAIN,family_fam_0e5909b412cd
ner177,NER177,fam_2743ba6d169a,sg_30983c4e9aa1,BASALTICANDESITE,TRAIN,family_fam_2743ba6d169a
186m,186M,fam_f0ae8b149242,sg_33139dc58e20,BASALTICANDESITE,TRAIN,family_fam_f0ae8b149242
vh99pi,VH99PI,fam_069e8b62b072,sg_39f46085cbb9,BASALTICANDESITE,TRAIN,family_fam_069e8b62b072
ldm231,LDM231,fam_85dc44d48c1c,sg_432cfe760dac,BASALTICANDESITE,TRAIN,family_fam_85dc44d48c1c
ldm95,LDM95,fam_077e97dc1513,sg_4446566ecae3,BASALTICANDESITE,TRAIN,family_fam_077e97dc1513
vh58,VH58,fam_da8eab43eba2,sg_4557f4a2f6b1,BASALTICANDESITE,TRAIN,family_fam_da8eab43eba2
m6mt,M6MT,fam_2bdbba7d01dd,sg_52ccccca7f1b,BASALTICANDESITE,TRAIN,family_fam_2bdbba7d01dd
lp28,LP28,fam_e503a2c033cf,sg_58ac4cc10b6d,BASALTICANDESITE,TRAIN,family_fam_e503a2c033cf
vh46,VH46,fam_fe13f503ef39,sg_5b5ddecefb71,BASALTICANDESITE,TRAIN,family_fam_fe13f503ef39
ldm211,LDM211,fam_fa6af4aa0011,sg_615609649e08,BASALTICANDESITE,TRAIN,family_fam_fa6af4aa0011
bwqf1,BWQF1,fam_00a8f7245d65,sg_622854f34347,BASALTICANDESITE,TRAIN,family_fam_00a8f7245d65
mn45,MN45,fam_700fc2d493cd,sg_66ea9bf1b35a,BASALTICANDESITE,TRAIN,family_fam_700fc2d493cd
ldm164,LDM164,fam_a1a5e1c50239,sg_6f98e3317427,BASALTICANDESITE,TRAIN,family_fam_a1a5e1c50239
ldm270,LDM270,fam_2b8ac9964824,sg_77843f678bd8,BASALTICANDESITE,TRAIN,family_fam_2b8ac9964824
ldm230,LDM230,fam_69e7d5a21266,sg_77d48e56b550,BASALTICANDESITE,TRAIN,family_fam_69e7d5a21266
twfsg1,TWFSG1,fam_b1ebf9b59e49,sg_883b6f645439,BASALTICANDESITE,TRAIN,family_fam_b1ebf9b59e49
ldm153,LDM153,fam_aa633db64aa4,sg_9c1f5cdbe0b8,BASALTICANDESITE,TRAIN,family_fam_aa633db64aa4
vh53,VH53,fam_2ccf359779ab,sg_9f9e78f2aba9,BASALTICANDESITE,TRAIN,family_fam_2ccf359779ab
85m,85M,fam_1514923d3b46,sg_9fbdfbf99235,BASALTICANDESITE,TRAIN,family_fam_1514923d3b46
pw6,PW6,fam_5f7ad8780fc1,sg_a56ac6fbb3e0,BASALTICANDESITE,TRAIN,family_fam_5f7ad8780fc1
rag2,RAG2,fam_07fb6933040e,sg_a88b4a69bf1e,BASALTICANDESITE,TRAIN,family_fam_07fb6933040e
ldm83,LDM83,fam_6093382d5f82,sg_ac555024ba28,BASALTICANDESITE,TRAIN,family_fam_6093382d5f82
rwk1,RWK1,fam_0588fc60f63c,sg_b1dbbf721905,BASALTICANDESITE,TRAIN,family_fam_0588fc60f63c
ow2596,OW2596,fam_b56ec4b87ce9,sg_ba5ac9ba71df,BASALTICANDESITE,TRAIN,family_fam_b56ec4b87ce9
ner2461,NER2461,fam_a1cad8bdf679,sg_c012d8b3ae11,BASALTICANDESITE,TRAIN,family_fam_a1cad8bdf679
vh95p,VH95P,fam_3d9cfaeb93d8,sg_cf86df3ab65a,BASALTICANDESITE,TRAIN,family_fam_3d9cfaeb93d8
vh50,VH50,fam_cbfdbf2dadd1,sg_d1249e4845b8,BASALTICANDESITE,TRAIN,family_fam_cbfdbf2dadd1
ldm91,LDM91,fam_aeeb888aef96,sg_e0e7f22b773b,BASALTICANDESITE,TRAIN,family_fam_aeeb888aef96
215m,215M,fam_49e1dec11f4c,sg_e285b9c68d16,BASALTICANDESITE,TRAIN,family_fam_49e1dec11f4c
vh98pi,VH98PI,fam_0a7bfcd70b30,sg_f2b14232f9b0,BASALTICANDESITE,TRAIN,family_fam_0a7bfcd70b30
ldm271,LDM271,fam_836ffc356c7f,sg_fc3fbb20f581,BASALTICANDESITE,TRAIN,family_fam_836ffc356c7f
940am,940AM,fam_889335aff9cc,sg_01f6cfb3bd8f,RHYOLITE,TRAIN,family_fam_889335aff9cc
kn1814107,KN1814107,fam_970be0745008,sg_03683b32687a,RHYOLITE,TRAIN,family_fam_970be0745008
r21,R21,fam_fda189156150,sg_042735398be5,RHYOLITE,TRAIN,family_fam_fda189156150
n10ma12,N10MA12,fam_750f79abd24f,sg_07cc8f181ea9,RHYOLITE,TRAIN,family_fam_750f79abd24f
ldm86,LDM86,fam_35065445d067,sg_08fe854494cb,RHYOLITE,TRAIN,family_fam_35065445d067
tr4450a,TR4450A,fam_d063dc672575,sg_09e14e4395cf,RHYOLITE,TRAIN,family_fam_d063dc672575
kn1815777,KN1815777,fam_b72bd637c1a3,sg_0c299467811e,RHYOLITE,TRAIN,family_fam_b72bd637c1a3
iah248,IAH248,fam_8ab17af38d03,sg_0f7c4c34be63,RHYOLITE,TRAIN,family_fam_8ab17af38d03
tr3491b,TR3491B,fam_30b8bca3825c,sg_108c63b30fc7,RHYOLITE,TRAIN,family_fam_30b8bca3825c
n10ma017,N10MA017,fam_2721f7a2f1f9,sg_10dff3932df9,RHYOLITE,TRAIN,family_fam_2721f7a2f1f9
tr4775a,TR4775A,fam_840d1e8dfdbf,sg_153ff16ca08e,RHYOLITE,TRAIN,family_fam_840d1e8dfdbf
rr8522,RR8522,fam_985fc989acdc,sg_1b424cde8b41,RHYOLITE,TRAIN,family_fam_985fc989acdc
vh69m,VH69M,fam_a48f0c197524,sg_1e7b77fd451d,RHYOLITE,TRAIN,family_fam_a48f0c197524
tr2947a,TR2947A,fam_a7d258d34d57,sg_22203a3a2c48,RHYOLITE,TRAIN,family_fam_a7d258d34d57
rrsa6,RRSA6,fam_414d7a1c01b1,sg_24394b6bbc30,RHYOLITE,TRAIN,family_fam_414d7a1c01b1
ldm78,LDM78,fam_36a12537728d,sg_2908ac53aad9,RHYOLITE,TRAIN,family_fam_36a12537728d
vh20,VH20,fam_834b28649156,sg_2dabe90af852,RHYOLITE,TRAIN,family_fam_834b28649156
tr4490bm,TR4490BM,fam_32a5f3bf6d02,sg_2f4a3f0d615e,RHYOLITE,TRAIN,family_fam_32a5f3bf6d02
snp9863,SNP9863,fam_9b2371a95c60,sg_3361cb3193d9,RHYOLITE,TRAIN,family_fam_9b2371a95c60
vh5,VH5,fam_55ac132b1f5b,sg_3732db8b7039,RHYOLITE,TRAIN,family_fam_55ac132b1f5b
dkm1590,DKM1590,fam_e266398bc95b,sg_392876004da6,RHYOLITE,TRAIN,family_fam_e266398bc95b
rr8929,RR8929,fam_e0eb301e7cd0,sg_3d34e4493b3f,RHYOLITE,TRAIN,family_fam_e0eb301e7cd0
vh91m,VH91M,fam_c1d78e7f997e,sg_3de35463a28d,RHYOLITE,TRAIN,family_fam_c1d78e7f997e
rr90101,RR90101,fam_de7b54cab053,sg_3eac602a4cdf,RHYOLITE,TRAIN,family_fam_de7b54cab053
g1m,G1M,fam_719e6169e498,sg_4392d10a44b4,RHYOLITE,TRAIN,family_fam_719e6169e498
tr1790b,TR1790B,fam_431531138d92,sg_43c173c8bebe,RHYOLITE,TRAIN,family_fam_431531138d92
tr2866a,TR2866A,fam_4a7835912082,sg_43fd3dfefc16,RHYOLITE,TRAIN,family_fam_4a7835912082
mr0609,MR0609,fam_8691d7e691bc,sg_4841ca6c6ece,RHYOLITE,TRAIN,family_fam_8691d7e691bc
rrdh63,RRDH63,fam_61cb13ba4e67,sg_4b77b8a2fbb1,RHYOLITE,TRAIN,family_fam_61cb13ba4e67
vh26,VH26,fam_b4d1106cf700,sg_4c9e6c9d17c9,RHYOLITE,TRAIN,family_fam_b4d1106cf700
tr3179a,TR3179A,fam_231fd9545a75,sg_4cb725239f14,RHYOLITE,TRAIN,family_fam_231fd9545a75
s10ma006a,S10MA006A,fam_d609d9cf3ada,sg_4d23e5c70c81,RHYOLITE,TRAIN,family_fam_d609d9cf3ada
vh95m,VH95M,fam_983c1149ea00,sg_4eb1f7e5f1f3,RHYOLITE,TRAIN,family_fam_983c1149ea00
gl7mt,GL7MT,fam_e38d7d83de92,sg_4f8f6509c37e,RHYOLITE,TRAIN,family_fam_e38d7d83de92
t11ct076,T11CT076,fam_f3095a505e87,sg_52cf2ff54c0d,RHYOLITE,TRAIN,family_fam_f3095a505e87
vh6,VH6,fam_038db71fa82f,sg_530f85117327,RHYOLITE,TRAIN,family_fam_038db71fa82f
kn535883,KN535883,fam_dfde90133b82,sg_58aeb6e85905,RHYOLITE,TRAIN,family_fam_dfde90133b82
ldm101,LDM101,fam_ab1b4fbb0550,sg_5d302c49754e,RHYOLITE,TRAIN,family_fam_ab1b4fbb0550
rr9085,RR9085,fam_91e7214612bf,sg_5fd782cf8f21,RHYOLITE,TRAIN,family_fam_91e7214612bf
ldm161,LDM161,fam_30ba1a02cc34,sg_63ef4f2e14e2,RHYOLITE,TRAIN,family_fam_30ba1a02cc34
t12ct125,T12CT125,fam_6ac55804ce52,sg_649dfb1cf0f7,RHYOLITE,TRAIN,family_fam_6ac55804ce52
1782a,1782A,fam_964afa6bcdb3,sg_64f56b3b44fa,RHYOLITE,TRAIN,family_fam_964afa6bcdb3
rrsa74,RRSA74,fam_8159c9fa7539,sg_66a553e167e4,RHYOLITE,TRAIN,family_fam_8159c9fa7539
mr0617,MR0617,fam_9be0fa131586,sg_690d4407634f,RHYOLITE,TRAIN,family_fam_9be0fa131586
rr90102,RR90102,fam_9980b49fe720,sg_6a5d8570d6c0,RHYOLITE,TRAIN,family_fam_9980b49fe720
tr2792a,TR2792A,fam_ff2b20ab00e7,sg_6bbfe80372d6,RHYOLITE,TRAIN,family_fam_ff2b20ab00e7
kn2860875,KN2860875,fam_3974bbfc1723,sg_6bfca158a28e,RHYOLITE,TRAIN,family_fam_3974bbfc1723
c11ma058,C11MA058,fam_c39f862c3aad,sg_6d06df800a6c,RHYOLITE,TRAIN,family_fam_c39f862c3aad
cro901,CRO901,fam_ad067767a298,sg_6d147a991bbb,RHYOLITE,TRAIN,family_fam_ad067767a298
vh21,VH21,fam_2a9cf2c2bd8a,sg_6dfae5e2ebb4,RHYOLITE,TRAIN,family_fam_2a9cf2c2bd8a
ldm94,LDM94,fam_fd8aae5782d4,sg_6e68359a4d59,RHYOLITE,TRAIN,family_fam_fd8aae5782d4
h3k,H3K,fam_0c64728531c4,sg_6eebbeb71c1a,RHYOLITE,TRAIN,family_fam_0c64728531c4
vh102,VH102,fam_82f9d2fafa99,sg_6f9bcf08f653,RHYOLITE,TRAIN,family_fam_82f9d2fafa99
vh86m,VH86M,fam_0816fc6853ee,sg_7074955540ce,RHYOLITE,TRAIN,family_fam_0816fc6853ee
lean901,LEAN901,fam_f30029b37ab8,sg_71786ef394a9,RHYOLITE,TRAIN,family_fam_f30029b37ab8
tr2844a,TR2844A,fam_fa5c9a50f096,sg_73a278607725,RHYOLITE,TRAIN,family_fam_fa5c9a50f096
tr2601a,TR2601A,fam_b8d9db9b9feb,sg_7654fb708f71,RHYOLITE,TRAIN,family_fam_b8d9db9b9feb
ic891,IC891,fam_9589b68cb389,sg_76be2ca3f436,RHYOLITE,TRAIN,family_fam_9589b68cb389
9112a,9112A,fam_247bf5dae463,sg_775d16a135e0,RHYOLITE,TRAIN,family_fam_247bf5dae463
t11ct074,T11CT074,fam_0e05955dc1f9,sg_7a05a2185074,RHYOLITE,TRAIN,family_fam_0e05955dc1f9
tr3829l,TR3829L,fam_306004270526,sg_7c6a40ce7d85,RHYOLITE,TRAIN,family_fam_306004270526
tr3829r,TR3829R,fam_5449dc7956ed,sg_7c6a40ce7d85,RHYOLITE,TRAIN,family_fam_5449dc7956ed
1872a,1872A,fam_0702266f3aa6,sg_7f7c346503ce,RHYOLITE,TRAIN,family_fam_0702266f3aa6
vh27,VH27,fam_ae1ed9974eb4,sg_8e7f1a5c190d,RHYOLITE,TRAIN,family_fam_ae1ed9974eb4
c11ma082a,C11MA082A,fam_89c981254046,sg_8ef226a2e5c7,RHYOLITE,TRAIN,family_fam_89c981254046
t10ct036,T10CT036,fam_d23bee0fb611,sg_96c8002f3ee6,RHYOLITE,TRAIN,family_fam_d23bee0fb611
vh11,VH11,fam_1e69b2e79fe9,sg_973b5d4c5f1c,RHYOLITE,TRAIN,family_fam_1e69b2e79fe9
gw911,GW911,fam_42e03ae94069,sg_9969753d836b,RHYOLITE,TRAIN,family_fam_42e03ae94069
baveno,BAVENO,fam_3fbe88a0cd47,sg_9bed20e2b049,RHYOLITE,TRAIN,family_fam_3fbe88a0cd47
tr3782a,TR3782A,fam_1a5dbd73f215,sg_9c269fdf35ba,RHYOLITE,TRAIN,family_fam_1a5dbd73f215
1843a,1843A,fam_219f9fb9b59b,sg_a4f8bc2ebcbb,RHYOLITE,TRAIN,family_fam_219f9fb9b59b
n10ma02,N10MA02,fam_ddbe21ab819a,sg_a64a89bc21ff,RHYOLITE,TRAIN,family_fam_ddbe21ab819a
boone901,BOONE901,fam_424c0e0fe703,sg_a9324139d3f1,RHYOLITE,TRAIN,family_fam_424c0e0fe703
vh24,VH24,fam_5fbdaae01b47,sg_a99e6747026a,RHYOLITE,TRAIN,family_fam_5fbdaae01b47
dkm2390,DKM2390,fam_d9d6cedd79c0,sg_aa4a5ea42680,RHYOLITE,TRAIN,family_fam_d9d6cedd79c0
2000a,2000A,fam_91ecfbd18633,sg_aaf753d10085,RHYOLITE,TRAIN,family_fam_91ecfbd18633
rrdh5,RRDH5,fam_c06b2da77af3,sg_ab6a82c78555,RHYOLITE,TRAIN,family_fam_c06b2da77af3
vh23,VH23,fam_f77bb999d5a0,sg_ae7daf3c5fdd,RHYOLITE,TRAIN,family_fam_f77bb999d5a0
dkm3090,DKM3090,fam_872f35996467,sg_aec9b54c8f3e,RHYOLITE,TRAIN,family_fam_872f35996467
kn181600,KN181600,fam_e56d79a28a87,sg_b0eaac7c44dc,RHYOLITE,TRAIN,family_fam_e56d79a28a87
gl6mt,GL6MT,fam_f8fa845261ca,sg_b1010444f5c0,RHYOLITE,TRAIN,family_fam_f8fa845261ca
cro902,CRO902,fam_1d2af590a01a,sg_b2ccfb58e022,RHYOLITE,TRAIN,family_fam_1d2af590a01a
buck902,BUCK902,fam_545614bf2cb2,sg_ba7b77149273,RHYOLITE,TRAIN,family_fam_545614bf2cb2
ic892,IC892,fam_d71b3284d842,sg_c232ed7c0de9,RHYOLITE,TRAIN,family_fam_d71b3284d842
kn1a11522,KN1A11522,fam_1847b81624cb,sg_cb2fcaa4177b,RHYOLITE,TRAIN,family_fam_1847b81624cb
ps1,PS1,fam_c01e011e7cbf,sg_cb4648674ab4,RHYOLITE,TRAIN,family_fam_c01e011e7cbf
940af,940AF,fam_597afd982d08,sg_cbb9236b74d3,RHYOLITE,TRAIN,family_fam_597afd982d08
vh7,VH7,fam_939745b9e3d5,sg_cdbbfc956156,RHYOLITE,TRAIN,family_fam_939745b9e3d5
tr2964a,TR2964A,fam_63f155727471,sg_d4e3fa3e15ef,RHYOLITE,TRAIN,family_fam_63f155727471
snp964,SNP964,fam_bcfecc4f5bfb,sg_d6f01084d2e4,RHYOLITE,TRAIN,family_fam_bcfecc4f5bfb
c12ma188,C12MA188,fam_183ab7678817,sg_d97f3c69f658,RHYOLITE,TRAIN,family_fam_183ab7678817
c12ma207,C12MA207,fam_79677ea32429,sg_d9d8e77f7d5f,RHYOLITE,TRAIN,family_fam_79677ea32429
vh4,VH4,fam_fd7498e33232,sg_dd35787e61fe,RHYOLITE,TRAIN,family_fam_fd7498e33232
kn18151155,KN18151155,fam_0a23ffdc7951,sg_dd8b8fd022bb,RHYOLITE,TRAIN,family_fam_0a23ffdc7951
rgm1mb,RGM1MB,fam_8f867398a213,sg_dee2fe205355,RHYOLITE,TRAIN,family_fam_8f867398a213
t10ct046a,T10CT046A,fam_66372e8688c3,sg_e0d617dbd3c0,RHYOLITE,TRAIN,family_fam_66372e8688c3
ner186,NER186,fam_af77bff7fc38,sg_e141c7892fbc,RHYOLITE,TRAIN,family_fam_af77bff7fc38
rr892,RR892,fam_a854d09c6168,sg_e5c0f30e0496,RHYOLITE,TRAIN,family_fam_a854d09c6168
vh97,VH97,fam_39c8d1b84b34,sg_e6a10a2481b1,RHYOLITE,TRAIN,family_fam_39c8d1b84b34
kn1815154,KN1815154,fam_69cb8456bb20,sg_e8c0548a1601,RHYOLITE,TRAIN,family_fam_69cb8456bb20
snp966,SNP966,fam_ce66b29cd692,sg_ec7e4f16fdad,RHYOLITE,TRAIN,family_fam_ce66b29cd692
c10ma003,C10MA003,fam_be9d2efba87c,sg_ef103bac62f5,RHYOLITE,TRAIN,family_fam_be9d2efba87c
kn6b10362,KN6B10362,fam_ad231e20f67e,sg_f2cdd1810d94,RHYOLITE,TRAIN,family_fam_ad231e20f67e
vh2,VH2,fam_8a4f560497b0,sg_f3efa95eb21f,RHYOLITE,TRAIN,family_fam_8a4f560497b0
vh28,VH28,fam_83e7fbb0494a,sg_f8ab79417166,RHYOLITE,TRAIN,family_fam_83e7fbb0494a
tr3500b,TR3500B,fam_7731de6ab31b,sg_fae9d8c4092a,RHYOLITE,TRAIN,family_fam_7731de6ab31b
1596a,1596A,fam_53eb70aa05c8,sg_fc0c332c443e,RHYOLITE,TRAIN,family_fam_53eb70aa05c8
rr8524,RR8524,fam_8864e18b4628,sg_ff95f4ba3dda,RHYOLITE,TRAIN,family_fam_8864e18b4628
1183b,1183B,fam_d7b3277b462d,sg_ffbff290e38f,RHYOLITE,TRAIN,family_fam_d7b3277b462d
iahf6,IAHF6,fam_7e74edc78840,sg_0426e142df56,TRACHYANDESITE,TRAIN,family_fam_7e74edc78840
p7mt,P7MT,fam_085cc6df69c5,sg_0c358a60ddce,TRACHYANDESITE,TRAIN,family_fam_085cc6df69c5
kn1911365,KN1911365,fam_fd54211a1070,sg_2746f7ccb22b,TRACHYANDESITE,TRAIN,family_fam_fd54211a1070
iahf1,IAHF1,fam_ea01c01e4dfd,sg_2b76fca773ec,TRACHYANDESITE,TRAIN,family_fam_ea01c01e4dfd
kn2533654,KN2533654,fam_31d12cade14f,sg_3e4d2e60f3c2,TRACHYANDESITE,TRAIN,family_fam_31d12cade14f
ldm218a,LDM218A,fam_082671709053,sg_400253857375,TRACHYANDESITE,TRAIN,family_fam_082671709053
14p5,14P5,fam_2f1ae59a4da2,sg_420722b517f8,TRACHYANDESITE,TRAIN,family_fam_2f1ae59a4da2
ldm244,LDM244,fam_6d6c489d4ae1,sg_5aca9529d16f,TRACHYANDESITE,TRAIN,family_fam_6d6c489d4ae1
g12mt,G12MT,fam_174b14f13ae8,sg_67a73f8b2207,TRACHYANDESITE,TRAIN,family_fam_174b14f13ae8
ldm92,LDM92,fam_b002d692c88f,sg_6aa84d9f2356,TRACHYANDESITE,TRAIN,family_fam_b002d692c88f
g8mt,G8MT,fam_92ff5ec57177,sg_6c9b432468da,TRACHYANDESITE,TRAIN,family_fam_92ff5ec57177
gl4mt,GL4MT,fam_1ed480278882,sg_6f311b68f27d,TRACHYANDESITE,TRAIN,family_fam_1ed480278882
ldm93,LDM93,fam_5545d0d42d7e,sg_7244f57756ab,TRACHYANDESITE,TRAIN,family_fam_5545d0d42d7e
iahf9,IAHF9,fam_8143e8aee23c,sg_7f2de1389983,TRACHYANDESITE,TRAIN,family_fam_8143e8aee23c
ldm214,LDM214,fam_2d59d06bebb7,sg_8a9901340a6e,TRACHYANDESITE,TRAIN,family_fam_2d59d06bebb7
iahh6,IAHH6,fam_c49ff58cc008,sg_8f9aa23ee536,TRACHYANDESITE,TRAIN,family_fam_c49ff58cc008
ldm198,LDM198,fam_ed58a09d3899,sg_971ee07c0714,TRACHYANDESITE,TRAIN,family_fam_ed58a09d3899
ldm155,LDM155,fam_38d83a3c6b7d,sg_9be261bb6b1e,TRACHYANDESITE,TRAIN,family_fam_38d83a3c6b7d
g22mt,G22MT,fam_548cb72738ce,sg_9c5e20e7d205,TRACHYANDESITE,TRAIN,family_fam_548cb72738ce
ldm221,LDM221,fam_024cbbd6d78f,sg_9caaef075bc8,TRACHYANDESITE,TRAIN,family_fam_024cbbd6d78f
kn284253,KN284253,fam_fec91119510b,sg_a0fdd4a09ddc,TRACHYANDESITE,TRAIN,family_fam_fec91119510b
g9mt,G9MT,fam_8e5105032496,sg_a5ff1f551627,TRACHYANDESITE,TRAIN,family_fam_8e5105032496
iahcs5,IAHCS5,fam_cd13a97a83ee,sg_affdb813b2bf,TRACHYANDESITE,TRAIN,family_fam_cd13a97a83ee
g5mt,G5MT,fam_6f0d47381e8c,sg_b39fb4b20c99,TRACHYANDESITE,TRAIN,family_fam_6f0d47381e8c
ldm100,LDM100,fam_3a6b01fb82b2,sg_b59eecddab69,TRACHYANDESITE,TRAIN,family_fam_3a6b01fb82b2
g13mt,G13MT,fam_98e0aed2d607,sg_b73dce8c2091,TRACHYANDESITE,TRAIN,family_fam_98e0aed2d607
g16mt,G16MT,fam_a2fc73294588,sg_b791a274a910,TRACHYANDESITE,TRAIN,family_fam_a2fc73294588
ao12,AO12,fam_9545ebdc849e,sg_bb6bcb9a6b57,TRACHYANDESITE,TRAIN,family_fam_9545ebdc849e
g20mt,G20MT,fam_7c2a92451b23,sg_bcd54de4d47f,TRACHYANDESITE,TRAIN,family_fam_7c2a92451b23
19p5,19P5,fam_ce74e76ca0c5,sg_bf90a7cce1c6,TRACHYANDESITE,TRAIN,family_fam_ce74e76ca0c5
iahf10,IAHF10,fam_194215bc7de8,sg_bff9c03a9f7a,TRACHYANDESITE,TRAIN,family_fam_194215bc7de8
iahf2,IAHF2,fam_db88bd808924,sg_c98d7865d2f7,TRACHYANDESITE,TRAIN,family_fam_db88bd808924
ldm9,LDM9,fam_6ea41e8f3ffd,sg_d491b3c49496,TRACHYANDESITE,TRAIN,family_fam_6ea41e8f3ffd
ldm186,LDM186,fam_ed9b5f0fa611,sg_d84bc6f5562b,TRACHYANDESITE,TRAIN,family_fam_ed9b5f0fa611
kn211405,KN211405,fam_c54a86328bc8,sg_e260c5a44a47,TRACHYANDESITE,TRAIN,family_fam_c54a86328bc8
ldm194,LDM194,fam_5dfcf2d0f564,sg_fd3ce595d208,TRACHYANDESITE,TRAIN,family_fam_5dfcf2d0f564
iahg1p,IAHG1P,fam_99b27abdf6f8,sg_0bdf3a1a42c5,BASALT,X_T,family_fam_99b27abdf6f8
ner2242c,NER2242C,fam_e2f7ec396b3b,sg_74bb506a9367,BASALT,X_T,family_fam_e2f7ec396b3b
iahas4,IAHAS4,fam_99916113b9e0,sg_7e96d36d13ce,BASALT,X_T,family_fam_99916113b9e0
kv0419,KV0419,fam_0788561a6942,sg_8e16e068ae65,BASALT,X_T,family_fam_0788561a6942
ml177,ML177,fam_1395c23a0176,sg_90db211206bd,BASALT,X_T,series_ml
ml287,ML287,fam_9589fa823c9a,sg_b43303696620,BASALT,X_T,series_ml
iahe2,IAHE2,fam_03747e4c8fad,sg_d29f632d9368,BASALT,X_T,family_fam_03747e4c8fad
iahg8,IAHG8,fam_f884a2b235ca,sg_d82bac1bcac4,BASALT,X_T,family_fam_f884a2b235ca
iahee17,IAHEE17,fam_6c7be2825f35,sg_27d6d6379a2b,BASALTICANDESITE,X_T,family_fam_6c7be2825f35
iahg14,IAHG14,fam_6663c2cd6546,sg_327fb5dd19b9,BASALTICANDESITE,X_T,family_fam_6663c2cd6546
iahaa5,IAHAA5,fam_01e6fc004bc3,sg_3dc391f90ec8,BASALTICANDESITE,X_T,family_fam_01e6fc004bc3
ldm175,LDM175,fam_6db9a64a5841,sg_5c5acd74e5f0,BASALTICANDESITE,X_T,family_fam_6db9a64a5841
iahas3,IAHAS3,fam_5383e7f9226d,sg_80e46560056a,BASALTICANDESITE,X_T,family_fam_5383e7f9226d
bcr1,BCR1,fam_14f2af27922a,sg_937d19d0ebd7,BASALTICANDESITE,X_T,family_fam_14f2af27922a
usbcr2,USBCR2,fam_5690084ef848,sg_937d19d0ebd7,BASALTICANDESITE,X_T,family_fam_5690084ef848
iahi10a,IAHI10A,fam_5b79c0d1bcfc,sg_e2d02e948e54,BASALTICANDESITE,X_T,family_fam_5b79c0d1bcfc
ldm176,LDM176,fam_925b9afe747c,sg_e959a405d647,BASALTICANDESITE,X_T,family_fam_925b9afe747c
ldm110,LDM110,fam_ff6308b7e5e9,sg_05ebd1587a78,RHYOLITE,X_T,family_fam_ff6308b7e5e9
ldm162,LDM162,fam_ae079c798f50,sg_1583d48f4075,RHYOLITE,X_T,family_fam_ae079c798f50
iah221,IAH221,fam_db9d9431364d,sg_436fe9480e7f,RHYOLITE,X_T,family_fam_db9d9431364d
j9718,J9718,fam_924eea02c5b2,sg_5c3fb5845aba,RHYOLITE,X_T,family_fam_924eea02c5b2
iah11,IAH11,fam_7d577c879842,sg_809d348e6922,RHYOLITE,X_T,family_fam_7d577c879842
iah10,IAH10,fam_6e883ebfeff2,sg_958daf4ac93c,RHYOLITE,X_T,family_fam_6e883ebfeff2
iah1,IAH1,fam_9f24223286ea,sg_97ae093c934f,RHYOLITE,X_T,family_fam_9f24223286ea
050a,050A,fam_550479b220b8,sg_eb73dc95e313,RHYOLITE,X_T,family_fam_550479b220b8
iahh7,IAHH7,fam_1b071e42c206,sg_6859169574c1,TRACHYANDESITE,X_T,family_fam_1b071e42c206
iahee11f,IAHEE11F,fam_2697bd208c9b,sg_71ecc1a6b08c,TRACHYANDESITE,X_T,family_fam_2697bd208c9b
iahcs8,IAHCS8,fam_b9ff1550eb1f,sg_81c15fa855fa,TRACHYANDESITE,X_T,family_fam_b9ff1550eb1f
iahds1,IAHDS1,fam_69635780d656,sg_b7881cc478da,TRACHYANDESITE,X_T,family_fam_69635780d656
iahbs3,IAHBS3,fam_e40c4f1ce80c,sg_c355712a29ae,TRACHYANDESITE,X_T,family_fam_e40c4f1ce80c
iahcs7,IAHCS7,fam_5c7a48fb6c86,sg_caf6cbcb8bb8,TRACHYANDESITE,X_T,family_fam_5c7a48fb6c86
iahf4,IAHF4,fam_5614dff918e2,sg_d9c54088d6d7,TRACHYANDESITE,X_T,family_fam_5614dff918e2
iahh2,IAHH2,fam_7d6cd3926de4,sg_da042a30ea4e,TRACHYANDESITE,X_T,family_fam_7d6cd3926de4
iahcs2,IAHCS2,fam_458e92a8d03d,sg_0d2d7fa9e660,BASALT,X_V,family_fam_458e92a8d03d
iahee9,IAHEE9,fam_8198e5a68e7e,sg_12f570ba31b2,BASALT,X_V,family_fam_8198e5a68e7e
iahdiabase3,IAHDIABASE3,fam_02a6b11a9bab,sg_37636de26d7a,BASALT,X_V,family_fam_02a6b11a9bab
ml85,ML85,fam_9d538b86b97c,sg_73e9b9e9b09d,BASALT,X_V,series_ml
ldm178,LDM178,fam_565ef48e1964,sg_77dbd8132f24,BASALTICANDESITE,X_V,family_fam_565ef48e1964
ldm150,LDM150,fam_7f466de2291e,sg_9ad3abac3a49,BASALTICANDESITE,X_V,family_fam_7f466de2291e
iahas1,IAHAS1,fam_1577473cf302,sg_d96ad6b14e9d,BASALTICANDESITE,X_V,family_fam_1577473cf302
iahee16,IAHEE16,fam_28e6f85c28e0,sg_fbe2cabdd648,BASALTICANDESITE,X_V,family_fam_28e6f85c28e0
gbw07113,GBW07113,fam_6a71ab85aae3,sg_456c654a4fb3,RHYOLITE,X_V,family_fam_6a71ab85aae3
iah7,IAH7,fam_f820ccfb1377,sg_a1716a0b706a,RHYOLITE,X_V,family_fam_f820ccfb1377
845l,845L,fam_bbc2b122ae13,sg_a601e2b08dc1,RHYOLITE,X_V,family_fam_bbc2b122ae13
iahee8,IAHEE8,fam_e359334708ea,sg_b45214ccb9a5,RHYOLITE,X_V,family_fam_e359334708ea
iahh8,IAHH8,fam_d3579ca846bf,sg_5010063b9b72,TRACHYANDESITE,X_V,family_fam_d3579ca846bf
iahh1,IAHH1,fam_bddb240bbf38,sg_620180b0bd37,TRACHYANDESITE,X_V,family_fam_bddb240bbf38
iahcs9,IAHCS9,fam_ca140cab9157,sg_63b211d8594c,TRACHYANDESITE,X_V,family_fam_ca140cab9157
iahf3,IAHF3,fam_1ec49319c7cd,sg_b4618d6a73db,TRACHYANDESITE,X_V,family_fam_1ec49319c7cd
