split_group_id,normalized_rock_type,classification_cohort,material_count,material_ids,family_ids
sg_0118748c621e,BASALT,TRAIN,1,hsdp152,fam_1e3fbdeb7138
sg_01cc31855604,BASALT,TRAIN,1,dc42465,fam_3006be0bbc9d
sg_01f6cfb3bd8f,RHYOLITE,TRAIN,1,940am,fam_889335aff9cc
sg_029be2a884cf,BASALT,TRAIN,1,w11,fam_e3a5ccfe1004
sg_030caf1552d9,BASALT,TRAIN,1,63d1,fam_b3f8d347a8e7
sg_030e5545e349,RHYOLITE,I_V,1,buck901,fam_d5f097c55fa6
sg_03683b32687a,RHYOLITE,TRAIN,1,kn1814107,fam_970be0745008
sg_040460e2e92e,BASALT,TRAIN,1,rir870,fam_3ac7b302d757
sg_0426e142df56,TRACHYANDESITE,TRAIN,1,iahf6,fam_7e74edc78840
sg_042735398be5,RHYOLITE,TRAIN,1,r21,fam_fda189156150
sg_044c86952b86,BASALT,TRAIN,1,ran7,fam_54ef4a6576b0
sg_0457fe1a60ba,BASALT,TRAIN,1,68d23,fam_2f958d93157b
sg_04a86b611af7,BASALT,TRAIN,1,sk173,fam_08f85da315c6
sg_04a9e3362c71,BASALT,TRAIN,1,mg3,fam_8b6ed963aa88
sg_04e3618d01fb,BASALT,TRAIN,1,68d12,fam_311890a5ef62
sg_050f232582c2,BASALT,TRAIN,1,sk219,fam_c05b579cc89a
sg_0531df1e09b5,BASALT,TRAIN,2,hsdp16|hsdp16a,fam_5aae56bcab76
sg_05a8058c48a3,BASALT,TRAIN,1,ml45,fam_b2de18d9fb37
sg_05c26b291392,BASALT,TRAIN,1,hsdp15,fam_793dc3d356fa
sg_05ebd1587a78,RHYOLITE,X_T,1,ldm110,fam_ff6308b7e5e9
sg_0654dcc28b7d,BASALT,TRAIN,1,umass1823a,fam_88b897eb3bfc
sg_0699c2c1d70d,BASALT,TRAIN,1,sk138,fam_f18d4835a772
sg_06d788c91a64,BASALT,TRAIN,1,14d18,fam_abd3bdfb61bd
sg_06f6af400d1c,BASALT,TRAIN,1,w7,fam_3caf47a77e98
sg_073def565ff8,BASALT,TRAIN,1,umass1849,fam_ace6cec9ac33
sg_07cc8f181ea9,RHYOLITE,TRAIN,1,n10ma12,fam_750f79abd24f
sg_083646040170,BASALT,TRAIN,1,kv0421,fam_a63705f99b31
sg_087681bc191c,BASALT,TRAIN,1,hsdp181,fam_aafb6799813d
sg_08d55638823d,BASALT,TRAIN,2,68d51|tt17068d,fam_7cb85d6cd2fd
sg_08fe854494cb,RHYOLITE,TRAIN,1,ldm86,fam_35065445d067
sg_092b3bccd5d1,BASALT,TRAIN,1,vh96p,fam_a97dd659bf21
sg_09470692869a,BASALT,TRAIN,1,hsdp12,fam_17d9d5f54093
sg_099ed58fea36,BASALT,TRAIN,1,hsdp118,fam_315ea91578bf
sg_09a4e725cc18,BASALT,TRAIN,1,iah226,fam_89e305df5c5b
sg_09ab17b8ef94,BASALT,TRAIN,1,mg8a,fam_deeedd1f08b6
sg_09e14e4395cf,RHYOLITE,TRAIN,1,tr4450a,fam_d063dc672575
sg_09f4ad46e2e4,BASALT,TRAIN,1,iahas2,fam_fa084b96bfe6
sg_0a1ae90189c3,BASALT,TRAIN,1,hsdp148a,fam_59ce10ef08da
sg_0a73fa87ed0e,BASALT,TRAIN,1,53d21,fam_97ce9ef81db9
sg_0ad48b71b20b,BASALT,TRAIN,1,r126,fam_5136c6387811
sg_0b39384c2513,BASALTICANDESITE,TRAIN,1,alr02,fam_ac7f9355e2fb
sg_0bb078b0af2f,BASALT,TRAIN,1,vh80d,fam_2738a868c302
sg_0bc4d581abf2,BASALT,TRAIN,1,48d1,fam_c0c1fd97d5d0
sg_0bdf3a1a42c5,BASALT,X_T,1,iahg1p,fam_99b27abdf6f8
sg_0c299467811e,RHYOLITE,TRAIN,1,kn1815777,fam_b72bd637c1a3
sg_0c358a60ddce,TRACHYANDESITE,TRAIN,1,p7mt,fam_085cc6df69c5
sg_0cca86b74dd5,BASALT,TRAIN,1,stbk0302,fam_42ee7b26f865
sg_0d2d7fa9e660,BASALT,X_V,1,iahcs2,fam_458e92a8d03d
sg_0d781723aa47,BASALT,TRAIN,2,hsdp329|r915,fam_15ca1a5f8992
sg_0e79e929eb0e,BASALT,TRAIN,1,21d21,fam_b72938aefcd9
sg_0ee5d5b380eb,BASALT,TRAIN,1,umass1859a,fam_c183da40e462
sg_0f742eb9024e,BASALT,TRAIN,1,hsdp288a,fam_f401a3ab0150
sg_0f7c4c34be63,RHYOLITE,TRAIN,1,iah248,fam_8ab17af38d03
sg_0f90748d13d5,BASALT,TRAIN,1,30d11,fam_5314fd468f78
sg_0f985492624a,BASALT,TRAIN,2,hsdp312|hsdp312a,fam_c92d548ffa66
sg_0fce25651c7a,BASALT,TRAIN,1,hsdp176,fam_04a443aaa6e8
sg_0feda219e343,BASALT,TRAIN,1,hsdp93,fam_ab0213b1844c
sg_100b691ef486,BASALT,TRAIN,1,ner29,fam_5fd9995880fa
sg_108c63b30fc7,RHYOLITE,TRAIN,1,tr3491b,fam_30b8bca3825c
sg_10c204d683ba,BASALT,TRAIN,1,72d67,fam_e4f0ab0f7cb0
sg_10dff3932df9,RHYOLITE,TRAIN,1,n10ma017,fam_2721f7a2f1f9
sg_10ec62b691ba,BASALT,TRAIN,1,60d10,fam_ac0ef5da7268
sg_10fb815903f1,BASALT,TRAIN,1,29d2,fam_be06a6ac40d8
sg_11b2ddbc679f,BASALT,TRAIN,1,ow9902,fam_1f5dc88d64d5
sg_11ec1163a3fd,BASALT,TRAIN,1,hsdp278a,fam_95da51cc27b3
sg_12f570ba31b2,BASALT,X_V,1,iahee9,fam_8198e5a68e7e
sg_1305e5497354,BASALT,TRAIN,1,ow2418,fam_06b91f4e4209
sg_13208857b455,BASALT,TRAIN,1,41d34,fam_cfb04d7a6aef
sg_13455220e909,BASALT,TRAIN,1,stbk0301,fam_b69934d9f75b
sg_1386903ce8b4,BASALT,TRAIN,1,hsdp163,fam_01c0fd3cb837
sg_13c794f75a9d,BASALT,TRAIN,1,72d53,fam_206f8635f49a
sg_142d7e9c1411,BASALT,TRAIN,1,iahg2,fam_66d71f624cf0
sg_148c0fc00026,BASALT,TRAIN,1,iahg7,fam_c862bbca1df1
sg_149307ad41d6,BASALTICANDESITE,TRAIN,1,ldm233,fam_72a67af7a9f8
sg_14d27f0560c6,BASALT,TRAIN,1,21d41,fam_cbf5c93da71c
sg_153ff16ca08e,RHYOLITE,TRAIN,1,tr4775a,fam_840d1e8dfdbf
sg_1583d48f4075,RHYOLITE,X_T,1,ldm162,fam_ae079c798f50
sg_160d243466cd,BASALT,TRAIN,1,hsdp260a,fam_f203df2785d7
sg_161f18823c24,BASALT,TRAIN,1,iahi7,fam_d91ccb431d4d
sg_163cb60b546a,BASALTICANDESITE,TRAIN,1,ldm81,fam_ea65608d7710
sg_16c5b3d0a547,BASALT,TRAIN,2,hsdp80|hsdp80a,fam_1144935e639d
sg_16c9fe576b08,BASALT,TRAIN,1,vh101p,fam_9334bda69568
sg_17140a1fa7ff,BASALT,TRAIN,1,rdv2,fam_5f2e8d8195c3
sg_17928c57c65d,BASALT,TRAIN,1,rcv852,fam_c261946a706e
sg_1827bc8c6bca,BASALTICANDESITE,I_T,1,ow1505,fam_4ca1ad30160b
sg_1953c0d4c2be,BASALT,TRAIN,1,53d6,fam_9a0e1d397648
sg_19b7612af3f9,BASALT,TRAIN,1,hsdp226a,fam_90dc78e80808
sg_1a8a1db59d97,BASALT,TRAIN,2,hsdp91|r219,fam_3f6ddf16d9df
sg_1b0a4cc12969,BASALT,TRAIN,1,hsdp111,fam_027e47099bd9
sg_1b19ee06103c,BASALT,TRAIN,1,hsdp114a,fam_ab9bda7297e8
sg_1b424cde8b41,RHYOLITE,TRAIN,1,rr8522,fam_985fc989acdc
sg_1bb44192a440,BASALT,TRAIN,1,r153,fam_42290df16ea7
sg_1bbc3fc4f9cb,BASALT,TRAIN,1,iah220,fam_ce12dbef891d
sg_1c1eb4670197,BASALT,TRAIN,1,ner2842,fam_eaf7f481e358
sg_1c70edf341b6,BASALT,TRAIN,1,vh88u,fam_1b48b38fcf86
sg_1dbab5bb2b27,BASALT,TRAIN,1,w9,fam_ed6ee239b862
sg_1e5435bc7ba9,BASALT,TRAIN,1,hsdp172,fam_149a8f2ca1a8
sg_1e78365cdc82,RHYOLITE,I_V,1,r2098m,fam_bf9950f24559
sg_1e7b77fd451d,RHYOLITE,TRAIN,1,vh69m,fam_a48f0c197524
sg_1eec3add8cfc,TRACHYANDESITE,I_T,1,ldm88,fam_0582fdccd1fd
sg_1ef68c9d876c,BASALT,TRAIN,1,ml72,fam_e45fd1c21dfb
sg_1f2320cf73e6,BASALT,TRAIN,1,rdv4,fam_5aa0eca717d2
sg_1f69944a2755,BASALT,TRAIN,1,6d9,fam_e3da88df1bb1
sg_21377a348f4d,BASALT,TRAIN,1,2d1,fam_3a5fb20cd78f
sg_21afbbc4d5bf,BASALTICANDESITE,TRAIN,1,vh56,fam_0e5909b412cd
sg_21b59b72399a,BASALT,TRAIN,1,68d50,fam_c2b266ef2cc4
sg_21e443a3fda0,BASALT,TRAIN,1,53d12,fam_61125ffb63ce
sg_21f7d3d6d07a,BASALT,TRAIN,1,umass1853,fam_8f423631b72c
sg_22203a3a2c48,RHYOLITE,TRAIN,1,tr2947a,fam_a7d258d34d57
sg_223fae04d9e3,BASALT,TRAIN,1,kv043,fam_3ea10305b0ce
sg_2241ccf672ac,BASALT,TRAIN,1,sk145,fam_3b4fc61b18ea
sg_231716207175,RHYOLITE,I_T,1,vh200m,fam_89e5ede30e00
sg_241791e02542,BASALT,TRAIN,1,vh49,fam_ee74c3427af3
sg_24394b6bbc30,RHYOLITE,TRAIN,1,rrsa6,fam_414d7a1c01b1
sg_2446e058a98c,BASALT,TRAIN,1,15d4,fam_23e472a25761
sg_247af88e9eb1,BASALT,TRAIN,1,rlg1,fam_3ac1dc71475f
sg_24bba3d540ba,BASALT,TRAIN,1,iah223,fam_187e3dad8838
sg_251b49e3fc0c,BASALT,TRAIN,1,hsdp302,fam_804fbb27a4bc
sg_25c164d18428,BASALT,TRAIN,1,ner133,fam_528a7b52b16d
sg_26532b15ba55,BASALT,TRAIN,1,hsdp304,fam_0ff3f6df1406
sg_2746f7ccb22b,TRACHYANDESITE,TRAIN,1,kn1911365,fam_fd54211a1070
sg_275c4517e12d,BASALT,TRAIN,1,ow2376p5,fam_e8a7f6aa4663
sg_27a7be06bfa0,BASALT,TRAIN,1,ow2456p5,fam_8808440650b8
sg_27b977445e71,BASALT,TRAIN,1,r96,fam_1f89d5e46e4e
sg_27d6d6379a2b,BASALTICANDESITE,X_T,1,iahee17,fam_6c7be2825f35
sg_2868e95e59fe,BASALT,I_T,1,r407,fam_e3d87959f617
sg_287b367354a6,BASALT,TRAIN,1,hsdp89,fam_1d45c183c72a
sg_28868371781a,BASALT,TRAIN,2,bhvo1ma|bhvo1mb,fam_9f76222017e7
sg_28a1315cbc5b,BASALT,TRAIN,1,hsdp221,fam_60e5f54dced0
sg_2908ac53aad9,RHYOLITE,TRAIN,1,ldm78,fam_36a12537728d
sg_296aed8cfb5d,BASALT,TRAIN,2,hsdp19|hsdp19a,fam_034d97cb7ea1
sg_29bda1aef51b,BASALT,TRAIN,1,75d3,fam_3c366af87576
sg_29dc9a9bee9a,BASALT,TRAIN,1,hsdp331,fam_2dad50f734c8
sg_29e5b915fd87,BASALT,TRAIN,1,hsdp29,fam_844c9800274d
sg_2ab614290139,BASALT,TRAIN,1,ml20,fam_f35bd58cfecc
sg_2b76fca773ec,TRACHYANDESITE,TRAIN,1,iahf1,fam_ea01c01e4dfd
sg_2bc18386799b,BASALT,TRAIN,1,sk207,fam_b5f431d0739e
sg_2bd8409cc32e,BASALT,TRAIN,1,hsdp63,fam_c5ff4769895b
sg_2c037608c41e,BASALT,TRAIN,1,srm688,fam_241df32e0710
sg_2c09b5e54e98,BASALT,TRAIN,1,41d11,fam_6b7aaf544d68
sg_2c93519dd737,BASALT,TRAIN,1,ner2530,fam_fcd0178df7ac
sg_2c949b8c4f5d,BASALT,TRAIN,1,ow2429,fam_324768cf8bee
sg_2ca8a7deb4f2,BASALT,TRAIN,1,hsdp179a,fam_9b1d7be34159
sg_2d4610915819,BASALT,TRAIN,1,w6,fam_5c7eacca8273
sg_2d693c93d54e,BASALTICANDESITE,I_T,1,vh51,fam_85e3389b7058
sg_2dab62143dc6,RHYOLITE,I_T,1,c12ma187,fam_3d2f0771eb8d
sg_2dabe90af852,RHYOLITE,TRAIN,1,vh20,fam_834b28649156
sg_2dff4ad79886,BASALT,TRAIN,1,iahcs3,fam_bd0b98b46664
sg_2ec616f4efdb,BASALT,TRAIN,1,1d17,fam_68f72cde209c
sg_2ecd819028e0,BASALT,TRAIN,1,62d7,fam_9e61177d9c05
sg_2eef42d84e2f,BASALT,TRAIN,1,hsdp166a,fam_36a18a8aeaef
sg_2ef91c8c11d6,BASALT,I_T,1,r121,fam_c2df51122e6e
sg_2f041139254a,BASALT,TRAIN,1,rpf1,fam_35d9416d837d
sg_2f4a3f0d615e,RHYOLITE,TRAIN,1,tr4490bm,fam_32a5f3bf6d02
sg_2fa16bc81bac,TRACHYANDESITE,I_V,1,g6mt,fam_d64f3f9f763a
sg_2fae0a2f3d2f,BASALT,TRAIN,2,hsdp92|hsdp92a,fam_0145cf324284
sg_2faf9e90ffac,BASALT,TRAIN,1,hsdp327a,fam_9be7ad3165bd
sg_2fd282ee480a,BASALT,TRAIN,1,ner305,fam_b823bef22c1f
sg_2fe06b3b530d,BASALT,TRAIN,1,umass1841,fam_71cd82ad1515
sg_30030150d420,BASALT,TRAIN,1,sk204,fam_b69e93a1247f
sg_3034d097a4bf,BASALT,TRAIN,1,6d8,fam_01ce27d51bd1
sg_30983c4e9aa1,BASALTICANDESITE,TRAIN,1,ner177,fam_2743ba6d169a
sg_30d2a0884b40,BASALT,I_T,1,umass18311,fam_8582871013f9
sg_30dc65a5af7f,BASALT,TRAIN,1,vh100pi,fam_5845a439d17f
sg_31a7b24a5990,BASALT,TRAIN,1,hsdp37a,fam_44a8ca5fd73c
sg_31dbec2f2c7b,BASALT,TRAIN,1,7d1,fam_63bdac7cf8a3
sg_327fb5dd19b9,BASALTICANDESITE,X_T,1,iahg14,fam_6663c2cd6546
sg_32af3aeaa099,BASALT,TRAIN,1,hv0207,fam_bdaadcdafd52
sg_3309bc346ab5,BASALT,TRAIN,1,29d16,fam_8ece4517ae8b
sg_33139dc58e20,BASALTICANDESITE,TRAIN,1,186m,fam_f0ae8b149242
sg_3361cb3193d9,RHYOLITE,TRAIN,1,snp9863,fam_9b2371a95c60
sg_33909d3fa948,BASALT,TRAIN,1,tt63307,fam_4b114c310c4f
sg_33bfe64e2d36,TRACHYANDESITE,I_T,1,g19mt,fam_2691978976d0
sg_349e3e77bcdd,BASALT,TRAIN,1,ml62a,fam_a5de9d6a7654
sg_352700cc8806,BASALTICANDESITE,I_T,1,vh98po,fam_d1483df236c1
sg_35b1de4c3e0a,BASALT,TRAIN,1,rhr861,fam_261532317dd4
sg_35d4fae5a4fd,BASALT,TRAIN,1,hsdp326b,fam_3cd26dcff2ee
sg_367c94ca8f92,BASALT,TRAIN,1,hsdp131,fam_cdd1e6a56c01
sg_37276d7eff13,BASALT,TRAIN,1,rki2,fam_069f7f865167
sg_3732db8b7039,RHYOLITE,TRAIN,1,vh5,fam_55ac132b1f5b
sg_3740c24605fa,BASALT,TRAIN,1,rdv3,fam_e1991466e17b
sg_37636de26d7a,BASALT,X_V,1,iahdiabase3,fam_02a6b11a9bab
sg_38066ae6b555,BASALT,I_T,1,hsdp230,fam_1b190bd277a5
sg_388646aa50a1,BASALT,TRAIN,1,hsdp72,fam_18f3aa02b09b
sg_3891dbdba18d,BASALT,TRAIN,1,63d3,fam_255ce228066e
sg_38965d8fc19e,BASALT,TRAIN,1,41d9,fam_4bc423b843a1
sg_38a6562a7eb1,BASALT,TRAIN,1,iahas6,fam_91fd85aeb700
sg_38a7bd3957e1,BASALT,TRAIN,1,hsdp343aa,fam_90c37171933a
sg_38ab1139cff1,BASALT,TRAIN,1,53d13,fam_9be96d07793e
sg_38f04bc7ebb3,BASALT,TRAIN,1,kv041,fam_1eb189d900fd
sg_392876004da6,RHYOLITE,TRAIN,1,dkm1590,fam_e266398bc95b
sg_3965426ca109,BASALT,TRAIN,2,hsdp28|hsdp28a,fam_ac563f0bf586
sg_39ae4c3587e3,BASALT,TRAIN,1,dc82576,fam_330f19d8cd47
sg_39f46085cbb9,BASALTICANDESITE,TRAIN,1,vh99pi,fam_069e8b62b072
sg_3b40972f9958,BASALT,TRAIN,1,vh99pm,fam_6d0126909f56
sg_3be3f75a2e42,BASALT,TRAIN,1,rgc1,fam_9bbf0eacfa94
sg_3c154470be84,BASALT,TRAIN,1,umass18314,fam_c9fd05fcc88a
sg_3c2a116148aa,BASALT,TRAIN,1,ow2409,fam_bd7bdea978fe
sg_3c962fc0014f,BASALT,TRAIN,1,ml84,fam_03cd41b3ecf6
sg_3ce3cc3d21a8,BASALT,TRAIN,1,hsdp112,fam_916bd11d3971
sg_3d34e4493b3f,RHYOLITE,TRAIN,1,rr8929,fam_e0eb301e7cd0
sg_3d6f22e75249,BASALT,TRAIN,1,ow1483,fam_b69d88601cee
sg_3d72ca1aae32,BASALT,TRAIN,2,hsdp20|hsdp20a,fam_722b45e81876
sg_3da474232c9e,BASALT,TRAIN,1,ml28,fam_b40d4f4b85dd
sg_3dc391f90ec8,BASALTICANDESITE,X_T,1,iahaa5,fam_01e6fc004bc3
sg_3de35463a28d,RHYOLITE,TRAIN,1,vh91m,fam_c1d78e7f997e
sg_3df5f57f19a4,BASALT,TRAIN,1,sk202,fam_cedaa7eb8ff7
sg_3df61b1bbbd5,BASALT,TRAIN,1,iah343,fam_7840e0245942
sg_3e4d2e60f3c2,TRACHYANDESITE,TRAIN,1,kn2533654,fam_31d12cade14f
sg_3eac602a4cdf,RHYOLITE,TRAIN,1,rr90101,fam_de7b54cab053
sg_3eb7b2e6eec6,BASALT,TRAIN,2,hsdp73|hsdp73a,fam_73ba87bf527b
sg_3ed665ac459f,BASALT,TRAIN,1,r129,fam_d0cf161fb1dc
sg_3f54286c33b0,BASALT,TRAIN,1,iahee11e,fam_3b3faa791f1e
sg_3f90492c2e94,BASALT,TRAIN,1,ow2500,fam_a823e10c406c
sg_3fb4676902c1,BASALT,TRAIN,1,iahee12,fam_7e8c6c2824c5
sg_400253857375,TRACHYANDESITE,TRAIN,1,ldm218a,fam_082671709053
sg_40e51369a896,BASALT,TRAIN,1,21d15,fam_f2eccff54517
sg_4143e346701d,BASALT,TRAIN,1,umass1832,fam_a0ca324a3a09
sg_41bb933e32c1,BASALT,TRAIN,1,hsdp132a,fam_e5f4d9db8f0d
sg_420722b517f8,TRACHYANDESITE,TRAIN,1,14p5,fam_2f1ae59a4da2
sg_421c8dcf4880,BASALT,TRAIN,1,81d1,fam_506d5ff76cdb
sg_426246b3f668,BASALT,TRAIN,1,umass18312,fam_1f4f512f2775
sg_4267edc00eb1,BASALT,TRAIN,1,r111,fam_51b29cd0b6c2
sg_426cc2e2f89c,BASALT,TRAIN,1,r896,fam_250f6a4139a2
sg_430e8874512c,RHYOLITE,I_T,1,ldm89,fam_5cf25a5948e9
sg_432cfe760dac,BASALTICANDESITE,TRAIN,1,ldm231,fam_85dc44d48c1c
sg_436fe9480e7f,RHYOLITE,X_T,1,iah221,fam_db9d9431364d
sg_4392d10a44b4,RHYOLITE,TRAIN,1,g1m,fam_719e6169e498
sg_43b3149feb6b,BASALT,TRAIN,1,31d161,fam_49c06499aebf
sg_43c173c8bebe,RHYOLITE,TRAIN,1,tr1790b,fam_431531138d92
sg_43fd3dfefc16,RHYOLITE,TRAIN,1,tr2866a,fam_4a7835912082
sg_4446566ecae3,BASALTICANDESITE,TRAIN,1,ldm95,fam_077e97dc1513
sg_44783fd2d166,BASALT,TRAIN,1,ner311,fam_bc9f9f75ffc9
sg_44886d636305,BASALT,TRAIN,1,hsdp56a,fam_063caf7bd1e3
sg_4557f4a2f6b1,BASALTICANDESITE,TRAIN,1,vh58,fam_da8eab43eba2
sg_4567cea0d787,BASALT,TRAIN,1,hsdp153,fam_2ee96f7f2504
sg_456c654a4fb3,RHYOLITE,X_V,1,gbw07113,fam_6a71ab85aae3
sg_45f65686a479,BASALT,TRAIN,1,hsdp62,fam_00f954859010
sg_460f53ab72f2,BASALT,TRAIN,1,hsdp155a,fam_ef0d0de7e083
sg_462df044050b,BASALT,TRAIN,1,15d38,fam_dcae5b0d4be1
sg_47581c77e2c8,BASALT,TRAIN,1,umass1828,fam_359697c9be12
sg_475d87e5a4b9,BASALT,TRAIN,1,31d153,fam_260fcc55c86d
sg_480a01a1c625,BASALT,TRAIN,1,hsdp205,fam_fd9aa6e3f5f7
sg_4841ca6c6ece,RHYOLITE,TRAIN,1,mr0609,fam_8691d7e691bc
sg_48b9d0476607,BASALT,TRAIN,1,ml95,fam_2efe8b15e6e2
sg_48e4d3f60d22,BASALT,TRAIN,1,stbk0303,fam_6a92eb69995e
sg_48eacb155b97,BASALT,TRAIN,1,hsdp330a,fam_a719e8cc9c9c
sg_4930198e0c6a,BASALT,TRAIN,1,ner2215,fam_e021a7f5341d
sg_49b4fdb7db9b,BASALT,TRAIN,2,hsdp83|hsdp83a,fam_7f1d1680758b
sg_49ba84ab5c48,BASALT,TRAIN,1,hsdp87,fam_59f1b0e606b9
sg_49dba1ace71c,BASALT,TRAIN,1,8d11,fam_18364424790c
sg_49e3367cdac3,BASALT,TRAIN,1,73d13,fam_88cf72c1c901
sg_4a2425e95cd3,BASALT,TRAIN,1,31d2,fam_cb421976603b
sg_4a9d6000cfb4,BASALT,TRAIN,1,ner1631c,fam_7947b1ea51af
sg_4b77b8a2fbb1,RHYOLITE,TRAIN,1,rrdh63,fam_61cb13ba4e67
sg_4b8a0c41345c,BASALT,TRAIN,1,1d24,fam_b03aed67d91f
sg_4bf0ad3bf915,BASALT,TRAIN,1,iahg4,fam_67aa43456dd6
sg_4c119a3ff164,BASALT,TRAIN,1,hsdp109,fam_909a2e843fed
sg_4c9e6c9d17c9,RHYOLITE,TRAIN,1,vh26,fam_b4d1106cf700
sg_4cb725239f14,RHYOLITE,TRAIN,1,tr3179a,fam_231fd9545a75
sg_4ce395c1f403,BASALT,TRAIN,1,r594,fam_3a9d0555ed1c
sg_4d075ac1cc87,BASALT,TRAIN,1,r133,fam_0e4f005fc633
sg_4d1a7e93beb4,RHYOLITE,I_T,1,ldm158,fam_56d14c8bfd18
sg_4d23e5c70c81,RHYOLITE,TRAIN,1,s10ma006a,fam_d609d9cf3ada
sg_4d46ed835046,BASALT,TRAIN,1,iahg12,fam_44d2aca04d10
sg_4d6c62306108,BASALT,TRAIN,1,hsdp207a,fam_1af11f66eb14
sg_4e6d10057b72,BASALTICANDESITE,I_T,1,vh57,fam_84fe55df84c1
sg_4e9bb64b4b0e,BASALT,TRAIN,1,hsdp141,fam_5410dbce2c8c
sg_4eaf79a333e7,BASALT,TRAIN,1,37d0a,fam_0e3e4a8a7e30
sg_4eb1f7e5f1f3,RHYOLITE,TRAIN,1,vh95m,fam_983c1149ea00
sg_4f8f6509c37e,RHYOLITE,TRAIN,1,gl7mt,fam_e38d7d83de92
sg_4f97d5999e65,BASALT,TRAIN,1,210m,fam_80ec8eda7ab9
sg_4fde1b25d7d5,BASALT,TRAIN,1,r954,fam_b050c5f4e355
sg_5007ebbad27e,BASALT,TRAIN,1,ner45,fam_c7af8e0acb3e
sg_5010063b9b72,TRACHYANDESITE,X_V,1,iahh8,fam_d3579ca846bf
sg_5033bde469e6,BASALT,TRAIN,1,iahg5,fam_0ec84205cdba
sg_503da212d26f,BASALT,TRAIN,1,hsdp157a,fam_f9b6ae83ce79
sg_506de416633c,BASALT,I_V,1,ow2486,fam_8f855072a472
sg_50a7905b8a25,BASALT,TRAIN,1,rsl5,fam_9a2d0ace64d7
sg_51abeac54e3d,BASALT,TRAIN,1,1984aa,fam_a6d5ea8216c3
sg_52210973dd40,BASALT,TRAIN,1,kv0416,fam_71453f50412d
sg_5241984a330c,BASALT,TRAIN,1,hsdp201,fam_7a2966a75f7c
sg_52658310746b,BASALT,TRAIN,1,19d58,fam_9a04a0c87643
sg_52c99ae2dd1d,BASALT,TRAIN,1,ml87,fam_cd8d05386170
sg_52ccccca7f1b,BASALTICANDESITE,TRAIN,1,m6mt,fam_2bdbba7d01dd
sg_52cf2ff54c0d,RHYOLITE,TRAIN,1,t11ct076,fam_f3095a505e87
sg_530f85117327,RHYOLITE,TRAIN,1,vh6,fam_038db71fa82f
sg_5324e26b7a2f,BASALT,TRAIN,1,hsdp81,fam_a62c11b014e7
sg_533c8d15c28d,BASALT,TRAIN,1,hsdp164,fam_2c69838ed937
sg_5387c1478da1,BASALT,TRAIN,1,14d24,fam_82b60e376ca1
sg_53e1d2281f2e,BASALT,TRAIN,2,hsdp198aa|hsdp198ab,fam_13ffb43301e5
sg_54df2dfed553,RHYOLITE,I_T,1,dkm1190,fam_d8c2dcbca31d
sg_54fe932a47fc,BASALT,TRAIN,1,53d24,fam_1d6db50d4326
sg_551a379efba2,BASALT,TRAIN,1,ner339,fam_64284c9e1593
sg_551d567e8bef,BASALT,TRAIN,1,hsdp183,fam_7a4c1ce8a446
sg_55b57b284659,BASALT,TRAIN,1,kh11k,fam_ad1abbbad2f0
sg_55bcb1e740d1,BASALT,TRAIN,1,hsdp199a,fam_b6d3f39ecb2f
sg_55c49d3343ea,BASALT,TRAIN,1,r91,fam_5b59afb1024d
sg_57781dbc0ca0,BASALT,TRAIN,1,holyoke,fam_34467a8cb865
sg_579e5537bbc0,BASALT,TRAIN,1,r856,fam_8827fedeae19
sg_57f7af58fdd1,BASALT,TRAIN,1,r83,fam_e9e230f2d525
sg_588623e7ff4f,BASALT,TRAIN,1,r135,fam_503b5ca844c1
sg_58ac4cc10b6d,BASALTICANDESITE,TRAIN,1,lp28,fam_e503a2c033cf
sg_58aeb6e85905,RHYOLITE,TRAIN,1,kn535883,fam_dfde90133b82
sg_594d08d89a13,BASALT,TRAIN,1,62d11,fam_f93d1bc0f15d
sg_59662c270f73,BASALT,TRAIN,1,umass1837,fam_87b775ef73e3
sg_5971a75dba0b,BASALT,TRAIN,1,iahe5,fam_6ffe35a8ce66
sg_5a362963a43a,BASALT,TRAIN,1,ml47,fam_680c24858eee
sg_5a364322ea94,BASALT,TRAIN,2,mg1a|mg1b,fam_e0e140ef3e53
sg_5a644c09f324,BASALT,TRAIN,1,hsdp117,fam_b5512c26c8f7
sg_5a6e80c40c8f,BASALT,TRAIN,1,sk222,fam_cc664165df49
sg_5abcfe967eea,BASALT,TRAIN,1,umass1821,fam_5c6d89699c91
sg_5aca9529d16f,TRACHYANDESITE,TRAIN,1,ldm244,fam_6d6c489d4ae1
sg_5b31d8a3e143,BASALT,TRAIN,1,iah225,fam_f1f17bca9ead
sg_5b5ddecefb71,BASALTICANDESITE,TRAIN,1,vh46,fam_fe13f503ef39
sg_5bc1206c66a8,BASALT,TRAIN,1,hsdp84,fam_96e0e2541737
sg_5bfdc074a043,BASALT,TRAIN,1,vh47,fam_ae07fb77a523
sg_5c313294a6fa,BASALT,TRAIN,1,70d52,fam_124f8fd2175a
sg_5c3fb5845aba,RHYOLITE,X_T,1,j9718,fam_924eea02c5b2
sg_5c4a687e425b,BASALT,I_T,1,hsdp123,fam_480dbf6a0f3c
sg_5c5acd74e5f0,BASALTICANDESITE,X_T,1,ldm175,fam_6db9a64a5841
sg_5cfb1373df4e,BASALT,TRAIN,1,33d17,fam_2ecf111e971b
sg_5d302c49754e,RHYOLITE,TRAIN,1,ldm101,fam_ab1b4fbb0550
sg_5df943642eb9,BASALT,TRAIN,1,sw56,fam_fe0fc47d7de3
sg_5ef03959481d,BASALT,TRAIN,1,iahd5,fam_0da06ebeeaf2
sg_5f64d3aa0829,BASALT,TRAIN,1,hsdp139,fam_f693eab28703
sg_5fd782cf8f21,RHYOLITE,TRAIN,1,rr9085,fam_91e7214612bf
sg_5fe424f437be,BASALT,TRAIN,1,ml19,fam_92a4660f6a4a
sg_5fe63c24d23b,BASALT,TRAIN,1,65d4,fam_920939d18f35
sg_603591572651,BASALT,TRAIN,1,ner271,fam_0f8576b90cfb
sg_60c4adcb365f,BASALT,I_V,2,hsdp284aa|hsdp284ab,fam_a653dd5af83a
sg_60ee90785d23,BASALT,TRAIN,1,7d8,fam_843c8d02d2bb
sg_61136e47e8cb,BASALT,TRAIN,1,ml71,fam_ae17eae2b51c
sg_613a96677510,BASALT,TRAIN,1,rsl863,fam_8cc0e7e6dfce
sg_615609649e08,BASALTICANDESITE,TRAIN,1,ldm211,fam_fa6af4aa0011
sg_6184be67de40,BASALT,TRAIN,1,ow1519,fam_ab121b872eb0
sg_620180b0bd37,TRACHYANDESITE,X_V,1,iahh1,fam_bddb240bbf38
sg_622854f34347,BASALTICANDESITE,TRAIN,1,bwqf1,fam_00a8f7245d65
sg_6266ce4ea56f,BASALT,TRAIN,1,sk218,fam_e3a3705b4abf
sg_629140a2badf,BASALT,TRAIN,1,r114,fam_519310cc0eda
sg_62d9353a8450,BASALT,TRAIN,1,43d22,fam_a2f507ebe31a
sg_62dd7f347466,BASALT,TRAIN,1,iah228bh,fam_3820890d5597
sg_62e673555d18,BASALT,TRAIN,1,hsdp57,fam_f3b81b99450b
sg_62fa5bdd6501,BASALT,TRAIN,1,vh41,fam_6553d61de565
sg_6349140550b4,BASALT,TRAIN,1,ml286,fam_a8b6c5e75bf3
sg_63b211d8594c,TRACHYANDESITE,X_V,1,iahcs9,fam_ca140cab9157
sg_63ef4f2e14e2,RHYOLITE,TRAIN,1,ldm161,fam_30ba1a02cc34
sg_649dfb1cf0f7,RHYOLITE,TRAIN,1,t12ct125,fam_6ac55804ce52
sg_64f56b3b44fa,RHYOLITE,TRAIN,1,1782a,fam_964afa6bcdb3
sg_650baf8e72e8,BASALT,TRAIN,1,11d28a,fam_1d38d2c1ab61
sg_66316c93cf5a,BASALT,TRAIN,1,hsdp96,fam_2edc425cdd6f
sg_66a553e167e4,RHYOLITE,TRAIN,1,rrsa74,fam_8159c9fa7539
sg_66ea9bf1b35a,BASALTICANDESITE,TRAIN,1,mn45,fam_700fc2d493cd
sg_673e1b23afdb,BASALT,TRAIN,1,iahe3,fam_38ccb1242adc
sg_676cf9f1874b,BASALT,TRAIN,1,ml129,fam_7e3e4630475a
sg_67a73f8b2207,TRACHYANDESITE,TRAIN,1,g12mt,fam_174b14f13ae8
sg_67b2e8fd5780,BASALT,TRAIN,3,bir1ma|bir1mb|bir1md,fam_4f0c4747007e
sg_67b819a3fab6,BASALT,TRAIN,1,hsdp168,fam_2e699885154f
sg_68040c9fb778,BASALT,TRAIN,1,50d45,fam_0a6ffe818686
sg_6859169574c1,TRACHYANDESITE,X_T,1,iahh7,fam_1b071e42c206
sg_68effc3dbe3a,BASALT,TRAIN,1,ner1745,fam_4d45d123f347
sg_690d4407634f,RHYOLITE,TRAIN,1,mr0617,fam_9be0fa131586
sg_691d606c40cf,BASALT,TRAIN,1,ml80,fam_fc5d6e65edd1
sg_692921a86179,BASALT,TRAIN,1,umass18313,fam_8398e80d016b
sg_6955b670ff43,BASALT,TRAIN,1,umass18310,fam_8f4b085e39db
sg_696cc6640da3,BASALT,TRAIN,1,tt53103,fam_8ab5f5e4744a
sg_6a23cf1db9b5,BASALT,TRAIN,1,pbsgnp,fam_340847911336
sg_6a5d8570d6c0,RHYOLITE,TRAIN,1,rr90102,fam_9980b49fe720
sg_6a74c5ca9af8,BASALT,TRAIN,1,65d42,fam_b11be6bd23bb
sg_6aa84d9f2356,TRACHYANDESITE,TRAIN,1,ldm92,fam_b002d692c88f
sg_6adde3b446c0,BASALT,TRAIN,1,hsdp3001,fam_2322c4921980
sg_6bbf58ea4b6e,BASALT,TRAIN,1,47d28,fam_2f85743f3db4
sg_6bbfe80372d6,RHYOLITE,TRAIN,1,tr2792a,fam_ff2b20ab00e7
sg_6bfca158a28e,RHYOLITE,TRAIN,1,kn2860875,fam_3974bbfc1723
sg_6c9b432468da,TRACHYANDESITE,TRAIN,1,g8mt,fam_92ff5ec57177
sg_6cfd1ef6c3c2,BASALT,TRAIN,1,hsdp341ba,fam_d0f1b1144fe4
sg_6d06df800a6c,RHYOLITE,TRAIN,1,c11ma058,fam_c39f862c3aad
sg_6d147a991bbb,RHYOLITE,TRAIN,1,cro901,fam_ad067767a298
sg_6d2e2971ea90,BASALT,TRAIN,1,kv036,fam_c532404f561b
sg_6d45a8d67b50,BASALT,TRAIN,1,ml66,fam_f8a521c718d3
sg_6d5a24a4d4c8,BASALT,TRAIN,1,hsdp45a,fam_f02d088de3d8
sg_6db8025b2701,BASALT,TRAIN,1,28d18,fam_9cbb275ff904
sg_6dfae5e2ebb4,RHYOLITE,TRAIN,1,vh21,fam_2a9cf2c2bd8a
sg_6e00af527f17,BASALT,TRAIN,4,dnc1ma|dnc1mb|dnc1mc|dnc1md,fam_cd9f3289fdcd
sg_6e68359a4d59,RHYOLITE,TRAIN,1,ldm94,fam_fd8aae5782d4
sg_6e7c3070ca69,BASALT,TRAIN,1,19d18,fam_b8090f7a12a4
sg_6e82f97be1fa,BASALT,TRAIN,1,iah3,fam_e3376e23f39e
sg_6ec094fb70d4,BASALT,TRAIN,1,ow9911,fam_9f4a93774077
sg_6eebbeb71c1a,RHYOLITE,TRAIN,1,h3k,fam_0c64728531c4
sg_6f311b68f27d,TRACHYANDESITE,TRAIN,1,gl4mt,fam_1ed480278882
sg_6f85d2e76119,BASALT,TRAIN,1,sk172,fam_30ec3275ebf5
sg_6f98e3317427,BASALTICANDESITE,TRAIN,1,ldm164,fam_a1a5e1c50239
sg_6f9bcf08f653,RHYOLITE,TRAIN,1,vh102,fam_82f9d2fafa99
sg_700c983f6320,BASALT,TRAIN,1,rsh1,fam_e4364229a14d
sg_704db5eb7908,BASALT,TRAIN,1,sk203,fam_3cb7426cb459
sg_70745ca07f29,BASALT,TRAIN,1,72d34,fam_ad76e61bdb43
sg_7074955540ce,RHYOLITE,TRAIN,1,vh86m,fam_0816fc6853ee
sg_709a49f6cbf3,BASALT,TRAIN,1,rwv2,fam_2a0ae9f9b7b3
sg_70b0e87d2ad5,TRACHYANDESITE,I_V,1,g21mt,fam_724856978cb6
sg_711fd217cc7e,BASALT,TRAIN,1,hsdp82,fam_f125326dcc72
sg_71264b6990c2,BASALT,TRAIN,1,umass1854,fam_7e071522bd3a
sg_71786ef394a9,RHYOLITE,TRAIN,1,lean901,fam_f30029b37ab8
sg_717ec695c62e,BASALT,TRAIN,1,sk177,fam_fa508f9aa93d
sg_71bfd96cb7db,BASALT,TRAIN,1,51d5,fam_439211464cfd
sg_71ecc1a6b08c,TRACHYANDESITE,X_T,1,iahee11f,fam_2697bd208c9b
sg_722b46a51bdc,BASALT,TRAIN,1,rhr2,fam_557466c2b58f
sg_7244f57756ab,TRACHYANDESITE,TRAIN,1,ldm93,fam_5545d0d42d7e
sg_72824b97286e,BASALT,TRAIN,1,hu01,fam_d250fcd0cf4f
sg_7331c0c67f54,TRACHYANDESITE,I_T,1,g7mt,fam_a29931fbe272
sg_73a168feeee4,BASALT,TRAIN,1,17d24,fam_35afa58c86e3
sg_73a278607725,RHYOLITE,TRAIN,1,tr2844a,fam_fa5c9a50f096
sg_73e9b9e9b09d,BASALT,X_V,1,ml85,fam_9d538b86b97c
sg_742d6765ec73,BASALT,TRAIN,1,rgc2,fam_1c090fe8e17b
sg_746a60d96124,BASALT,TRAIN,1,rhr1,fam_cf2292a0c6eb
sg_747853015bbb,BASALT,TRAIN,1,209m,fam_132ecb98d031
sg_74bb506a9367,BASALT,X_T,1,ner2242c,fam_e2f7ec396b3b
sg_753ba183c2e2,BASALT,TRAIN,1,48d0a,fam_da0345129d92
sg_755877d51c12,BASALT,TRAIN,2,hsdp105a|hsdp105b,fam_b8d58c377aa4
sg_758a70a7e5e3,BASALT,TRAIN,1,r55,fam_bb47adc41e84
sg_75b5d6ef53dd,BASALT,TRAIN,1,37d11,fam_4f8639261055
sg_764a68220601,BASALT,TRAIN,1,umass18413,fam_0fb9e85505f7
sg_7654fb708f71,RHYOLITE,TRAIN,1,tr2601a,fam_b8d9db9b9feb
sg_76be2ca3f436,RHYOLITE,TRAIN,1,ic891,fam_9589b68cb389
sg_76f1377749ea,BASALT,TRAIN,1,hsdp292a,fam_8c0e03f2fdea
sg_7713b0ce7708,BASALT,TRAIN,1,iahg9,fam_d2cc73a56d90
sg_7733954319c8,BASALT,TRAIN,1,expl,fam_09aa4f217446
sg_775d16a135e0,RHYOLITE,TRAIN,1,9112a,fam_247bf5dae463
sg_77843f678bd8,BASALTICANDESITE,TRAIN,1,ldm270,fam_2b8ac9964824
sg_778f4edcd47c,BASALT,TRAIN,2,hsdp6|hsdp6a,fam_89a91b19218d
sg_77d48e56b550,BASALTICANDESITE,TRAIN,1,ldm230,fam_69e7d5a21266
sg_77dbd8132f24,BASALTICANDESITE,X_V,1,ldm178,fam_565ef48e1964
sg_78267b53d10e,BASALT,TRAIN,1,17d9,fam_ba4aab6369b7
sg_7847493bd9a7,RHYOLITE,I_V,1,tr3323a,fam_240545212564
sg_793574538087,BASALT,TRAIN,1,w22,fam_fd4fdb8e9a85
sg_7955ee8434c3,BASALT,TRAIN,2,hsdp32|hsdp32a,fam_3c382c34dc5d
sg_79f41379ff8f,BASALT,TRAIN,1,36d10,fam_bff674ead0a7
sg_7a05a2185074,RHYOLITE,TRAIN,1,t11ct074,fam_0e05955dc1f9
sg_7a80800a845c,BASALT,TRAIN,1,hv0215,fam_990fafa5d0f3
sg_7bb83c0286e4,BASALT,TRAIN,1,w23,fam_571a1af6f5ad
sg_7c59d0431fcb,BASALTICANDESITE,I_V,1,ca28,fam_e2c56fef0030
sg_7c5c3c907b98,BASALT,TRAIN,1,w4,fam_65fe0fa36859
sg_7c6a40ce7d85,RHYOLITE,TRAIN,2,tr3829l|tr3829r,fam_306004270526|fam_5449dc7956ed
sg_7cf76c61fea0,BASALT,TRAIN,1,j98136,fam_08e1b0677640
sg_7d31683b9c5a,BASALT,TRAIN,1,ner28,fam_e299456cfb0f
sg_7e96d36d13ce,BASALT,X_T,1,iahas4,fam_99916113b9e0
sg_7f2de1389983,TRACHYANDESITE,TRAIN,1,iahf9,fam_8143e8aee23c
sg_7f5d4b4659e9,BASALT,TRAIN,1,ner265,fam_b1625c2ac694
sg_7f7c346503ce,RHYOLITE,TRAIN,1,1872a,fam_0702266f3aa6
sg_7f85420a779a,BASALT,TRAIN,1,39d4,fam_8fb54832dc84
sg_8018dfd0450d,BASALTICANDESITE,I_T,1,roza873,fam_032dbff5946d
sg_809d348e6922,RHYOLITE,X_T,1,iah11,fam_7d577c879842
sg_80e46560056a,BASALTICANDESITE,X_T,1,iahas3,fam_5383e7f9226d
sg_818f96a3d848,TRACHYANDESITE,I_T,1,ldm245,fam_1fd373e64ae9
sg_81b41122f6cb,BASALT,TRAIN,1,frt8428,fam_27fa1726a055
sg_81c15fa855fa,TRACHYANDESITE,X_T,1,iahcs8,fam_b9ff1550eb1f
sg_825e181495aa,BASALT,TRAIN,1,iahg10,fam_7a8dfb92ab00
sg_83650f209db5,BASALT,TRAIN,1,sw95,fam_253ce2c81d9d
sg_836f917fe8de,BASALT,TRAIN,1,hsdp171a,fam_3e2d0a5e07b1
sg_8372fb5f4f84,BASALT,TRAIN,1,37d14,fam_ad8f2add7c93
sg_83fdbfe3d48c,TRACHYANDESITE,I_T,1,kh2,fam_227d3eea6b04
sg_8440869c959f,BASALT,TRAIN,2,hsdp335a|hsdp335aa,fam_62f2d7f58446
sg_844488050580,BASALT,TRAIN,1,hsdp59,fam_8ea6ade15155
sg_84635b30b92d,BASALT,TRAIN,1,65d55,fam_4b3a897fa658
sg_846f27081383,BASALT,TRAIN,1,hsdp234,fam_758678bfa1bf
sg_850536870b36,BASALT,TRAIN,1,78d7,fam_89926b6dd942
sg_8524b8db1c50,BASALT,TRAIN,1,hsdp321a,fam_42df489039b8
sg_868376fa550b,BASALT,TRAIN,2,hsdp42|hsdp42a,fam_c3d574ca139b
sg_86ea9a85cf53,BASALT,TRAIN,1,iahg11,fam_7ba35751e2d1
sg_87784a3bbec7,BASALT,TRAIN,1,33d11,fam_3546fc72408f
sg_87cf37476e75,BASALT,I_T,1,kh16k,fam_18d6c509a7b3
sg_88328169dd2d,BASALT,TRAIN,1,umass1825,fam_920bd3dfc7c6
sg_88378b119f91,BASALT,TRAIN,1,ldm109,fam_d6a66c54917f
sg_883b6f645439,BASALTICANDESITE,TRAIN,1,twfsg1,fam_b1ebf9b59e49
sg_894337947afe,BASALT,TRAIN,1,vh200p,fam_db0d724b6f68
sg_894bb37c4bb2,BASALT,TRAIN,1,sk146,fam_af59d41bcc37
sg_89f7cb266fdf,BASALT,TRAIN,1,hsdp209,fam_885576f20b38
sg_8a9901340a6e,TRACHYANDESITE,TRAIN,1,ldm214,fam_2d59d06bebb7
sg_8b3185c5cef4,BASALT,TRAIN,1,iah218,fam_181a11b0a67d
sg_8ba89f16722c,BASALT,TRAIN,1,ner1115,fam_ff2348fe64d5
sg_8bfeefb8fff3,BASALT,TRAIN,1,rsl7,fam_3a09558a90bd
sg_8c865fbff265,BASALT,TRAIN,2,hsdp11|hsdp11a,fam_96e163ba909d
sg_8cabd1ae3e86,BASALT,TRAIN,1,w21,fam_af6ae804b491
sg_8ce2192c8a72,BASALT,TRAIN,1,rwv4,fam_01514d90092b
sg_8d698bb8339b,BASALT,TRAIN,1,whks0305,fam_78494f0715d7
sg_8d6cee89f390,BASALT,TRAIN,1,r269,fam_2c5149e216ff
sg_8d6f4a08c8c6,BASALT,TRAIN,1,iahcs1,fam_85da0dd0ff3a
sg_8dd4221aad7b,BASALT,TRAIN,1,hsdp124a,fam_3cb8c982eb68
sg_8e16e068ae65,BASALT,X_T,1,kv0419,fam_0788561a6942
sg_8e2970bd6df9,BASALT,TRAIN,1,rec9,fam_f04eb949bc61
sg_8e29bc7a5f02,BASALT,TRAIN,1,w10,fam_513ab39fca23
sg_8e47a5cba8da,BASALT,TRAIN,1,1d30,fam_8d7a95664327
sg_8e6768ca9fd1,BASALT,TRAIN,1,hsdp151a,fam_6e64b43cfcd6
sg_8e7f1a5c190d,RHYOLITE,TRAIN,1,vh27,fam_ae1ed9974eb4
sg_8ea0f202646b,BASALT,TRAIN,1,rpf2,fam_16942302bf45
sg_8ec901d35c48,BASALT,TRAIN,1,hsdp75,fam_64801ff1129f
sg_8ef226a2e5c7,RHYOLITE,TRAIN,1,c11ma082a,fam_89c981254046
sg_8f592bb6f1ad,BASALT,TRAIN,1,rpo1,fam_349dc8734965
sg_8f94e390d80f,TRACHYANDESITE,I_T,1,iah4,fam_2e5994b48d1f
sg_8f9aa23ee536,TRACHYANDESITE,TRAIN,1,iahh6,fam_c49ff58cc008
sg_9010089525fc,BASALT,TRAIN,1,30d15,fam_076f20d89329
sg_907a9ea4aeac,BASALT,TRAIN,1,iah2,fam_ecc2090b67ff
sg_909fa028f984,BASALT,TRAIN,1,hsdp136a,fam_a3b1463f454b
sg_90ca8098d0a1,BASALT,TRAIN,1,w17,fam_5c93e9c9687f
sg_90db211206bd,BASALT,X_T,1,ml177,fam_1395c23a0176
sg_913c4464bef7,RHYOLITE,I_T,1,n10ma14,fam_25c2b483a052
sg_91b855d6e3c0,BASALT,TRAIN,1,28d27,fam_26ef51c7d508
sg_92246d51b50c,BASALT,TRAIN,2,hsdp60|hsdp60a,fam_8ffad55b6a8c
sg_927f1ae9923f,BASALT,TRAIN,1,33d19,fam_326df69be0d8
sg_92c1d1e288e1,BASALT,TRAIN,1,hsdp263a,fam_9e37797382b8
sg_92c41d4e5e6a,BASALT,TRAIN,1,hsdp345,fam_c7f2bd325d49
sg_92cab9fba613,BASALT,TRAIN,1,ner321,fam_6878e6450ce9
sg_92dc54f20e09,BASALT,TRAIN,1,17d11,fam_e2ce0a86a98d
sg_936d48008930,BASALT,TRAIN,1,iahe9,fam_4ae731eef969
sg_937d19d0ebd7,BASALTICANDESITE,X_T,2,bcr1|usbcr2,fam_14f2af27922a|fam_5690084ef848
sg_94d6abf14bc2,BASALT,TRAIN,1,hsdp232,fam_0a38b527c92c
sg_9578ce478be5,BASALT,TRAIN,1,umass18315,fam_a27b32860bbb
sg_958daf4ac93c,RHYOLITE,X_T,1,iah10,fam_6e883ebfeff2
sg_95a324fd79c5,BASALT,TRAIN,1,hsdp144a,fam_cd125ecd653e
sg_95d3c3b909c2,BASALT,TRAIN,1,ner157,fam_5346b2ee0560
sg_95f4c92b8086,BASALT,TRAIN,1,sk178,fam_263d05c8c6c5
sg_960e4d79b71e,BASALT,TRAIN,1,ml37,fam_7fa1ee24dfce
sg_963301c0ea10,BASALT,TRAIN,1,w2r,fam_ec381a00345e
sg_96c8002f3ee6,RHYOLITE,TRAIN,1,t10ct036,fam_d23bee0fb611
sg_96e3c4523587,BASALT,TRAIN,1,hsdp126,fam_1c45f8d5001e
sg_96f7ca1b9e88,BASALT,TRAIN,1,213m,fam_9033b3f8c9d1
sg_971ee07c0714,TRACHYANDESITE,TRAIN,1,ldm198,fam_ed58a09d3899
sg_973b5d4c5f1c,RHYOLITE,TRAIN,1,vh11,fam_1e69b2e79fe9
sg_974264fe5ded,BASALT,TRAIN,1,umass1857a,fam_116510dbf794
sg_97ae093c934f,RHYOLITE,X_T,1,iah1,fam_9f24223286ea
sg_9819ba687402,BASALT,TRAIN,1,vh99po,fam_aaf9c93a347c
sg_981c660d2404,RHYOLITE,I_T,1,mr0618,fam_de79c252d54a
sg_9869f519adfb,BASALT,TRAIN,1,hsdp336h,fam_8d9237fb40cc
sg_98a66da73000,BASALT,TRAIN,1,68d19,fam_c7bf7a1c511f
sg_98e76d224fcd,BASALT,TRAIN,1,sk224,fam_6688bb4a644c
sg_98f7e59016e4,BASALT,TRAIN,1,w5,fam_93a28c3966d6
sg_9923c41e1400,BASALT,TRAIN,2,hsdp36|hsdp36a,fam_a700e91f008f
sg_995ca474588a,BASALT,TRAIN,1,iah8,fam_68ad72831c58
sg_9969753d836b,RHYOLITE,TRAIN,1,gw911,fam_42e03ae94069
sg_997282e3beb2,BASALT,TRAIN,1,81d4,fam_e42024238911
sg_9a19b2127577,BASALT,TRAIN,1,iah344,fam_c4575e5c9953
sg_9a23ab7e5a58,TRACHYANDESITE,I_T,1,g4mt,fam_df5989759601
sg_9a250e42966c,BASALT,TRAIN,1,mg5a,fam_321c8839689a
sg_9a4f28242cc1,BASALT,TRAIN,1,hsdp195a,fam_58cfb1c954c2
sg_9a6bb2773203,BASALT,TRAIN,1,vh52,fam_9184b3b26f4e
sg_9a87f1bea5e0,BASALT,TRAIN,1,hu02,fam_6047081ffb7d
sg_9ad3abac3a49,BASALTICANDESITE,X_V,1,ldm150,fam_7f466de2291e
sg_9b03816401eb,BASALT,TRAIN,1,37d40,fam_c24696971957
sg_9bd2c8b4acb8,BASALT,TRAIN,1,hsdp129,fam_c23abf88e47a
sg_9be261bb6b1e,TRACHYANDESITE,TRAIN,1,ldm155,fam_38d83a3c6b7d
sg_9bed20e2b049,RHYOLITE,TRAIN,1,baveno,fam_3fbe88a0cd47
sg_9c0c9ba8b750,BASALT,TRAIN,1,j98134,fam_3e5da9d5acd6
sg_9c1f5cdbe0b8,BASALTICANDESITE,TRAIN,1,ldm153,fam_aa633db64aa4
sg_9c25463b4902,BASALT,TRAIN,1,hsdp193,fam_ee0334235102
sg_9c269fdf35ba,RHYOLITE,TRAIN,1,tr3782a,fam_1a5dbd73f215
sg_9c5e20e7d205,TRACHYANDESITE,TRAIN,1,g22mt,fam_548cb72738ce
sg_9c681f42e501,BASALT,TRAIN,1,vh43,fam_07316346564a
sg_9caaef075bc8,TRACHYANDESITE,TRAIN,1,ldm221,fam_024cbbd6d78f
sg_9cb0a7c75b14,BASALT,TRAIN,1,18d10,fam_ff6d57bc3d68
sg_9cdd41854645,BASALT,TRAIN,1,iahc1,fam_eb1e460ac9e8
sg_9cfd0dcfb192,BASALT,TRAIN,1,ml269,fam_54f04398eb6a
sg_9d2b70df227c,BASALT,TRAIN,1,41d3,fam_c86905b227b5
sg_9ed76ef028fe,BASALT,TRAIN,1,33d15,fam_e4c4bfbf371d
sg_9edd957e53fb,BASALT,TRAIN,1,ml81,fam_e4ab56f44dbd
sg_9f9e78f2aba9,BASALTICANDESITE,TRAIN,1,vh53,fam_2ccf359779ab
sg_9fbdfbf99235,BASALTICANDESITE,TRAIN,1,85m,fam_1514923d3b46
sg_a04ced7c9ee8,BASALT,TRAIN,1,47d14,fam_adeb11f25df7
sg_a0fdd4a09ddc,TRACHYANDESITE,TRAIN,1,kn284253,fam_fec91119510b
sg_a1196e6e31b1,BASALT,TRAIN,1,rtb1,fam_6dc261188238
sg_a1716a0b706a,RHYOLITE,X_V,1,iah7,fam_f820ccfb1377
sg_a19efc83313f,BASALT,TRAIN,1,stbk0306,fam_e66a98a1767b
sg_a1ba3f84f893,BASALT,TRAIN,1,ner309,fam_d91b209dcc84
sg_a1c41687bf4e,BASALT,TRAIN,1,ml52,fam_c73e35d93488
sg_a2108daad243,BASALT,TRAIN,1,ml284,fam_96ed264e8622
sg_a28ccbca5868,BASALT,TRAIN,1,hsdp133,fam_eb0b4aff09cc
sg_a2c7ddcc181b,BASALT,TRAIN,1,7d16,fam_d03570eb072c
sg_a2d7585ad8d5,BASALT,TRAIN,2,hsdp35|hsdp35a,fam_e15fffe7a64e
sg_a2d8e906acc2,BASALT,TRAIN,1,41d2,fam_6b56b6c434d3
sg_a35993a181cb,BASALT,TRAIN,1,65d56,fam_db8765c84d8b
sg_a3b1032c0a90,BASALT,TRAIN,1,68d15,fam_abbe4ca8032a
sg_a3bfce0880c7,BASALT,TRAIN,1,ner3316,fam_edaf04e96c0e
sg_a3d00b200775,BASALT,TRAIN,1,kv0422,fam_8ec96459aaa4
sg_a3f69c2776aa,BASALT,TRAIN,1,vh54,fam_a07f33a35fd5
sg_a41b469ae3c4,BASALT,TRAIN,1,vh44,fam_f673c42322ee
sg_a4f8bc2ebcbb,RHYOLITE,TRAIN,1,1843a,fam_219f9fb9b59b
sg_a521f13228cf,BASALT,TRAIN,1,26d3,fam_796d1da0c061
sg_a56ac6fbb3e0,BASALTICANDESITE,TRAIN,1,pw6,fam_5f7ad8780fc1
sg_a5ff1f551627,TRACHYANDESITE,TRAIN,1,g9mt,fam_8e5105032496
sg_a601e2b08dc1,RHYOLITE,X_V,1,845l,fam_bbc2b122ae13
sg_a62f4c144334,BASALT,TRAIN,1,31d118,fam_f914a219d344
sg_a64a89bc21ff,RHYOLITE,TRAIN,1,n10ma02,fam_ddbe21ab819a
sg_a64eec35689f,BASALT,TRAIN,1,mr0616,fam_067f6e11317b
sg_a6742ca30999,BASALT,TRAIN,1,hsdp61,fam_b2c8b1970ab5
sg_a68aca89d592,BASALT,TRAIN,1,frt8447,fam_ab3eb3d7fe2f
sg_a6d87ab9dc6c,BASALT,TRAIN,1,rwv1,fam_e0f5dcace592
sg_a6e67f334ce8,BASALT,TRAIN,2,hsdp2|hsdp2a,fam_521ddb77b2c9
sg_a6fa5d9a24ed,BASALT,TRAIN,1,ml83,fam_a1aab12bfedc
sg_a70cd12a6d93,BASALT,TRAIN,1,rcb1,fam_fad62a3950cc
sg_a720d58d4dea,BASALTICANDESITE,I_T,1,84m,fam_bc020fd9d0e8
sg_a73472db0e25,BASALT,TRAIN,1,hsdp333a,fam_fbd32aebfd56
sg_a7467fa1c2ea,BASALT,TRAIN,1,kv0418,fam_acde4b82d48e
sg_a74d5ad79f1e,BASALT,TRAIN,1,hsdp247,fam_7f308e736e66
sg_a765f0b9e81b,BASALT,TRAIN,2,78d1|78dtype1,fam_4595c3d3b064
sg_a776ab3089e4,BASALT,TRAIN,1,hsdp245a,fam_3d1c01f001b1
sg_a77fcec2c9ae,BASALT,TRAIN,1,hsdp146,fam_68a036d6b437
sg_a7d16c410024,RHYOLITE,I_T,1,ldm156,fam_2271f63d0052
sg_a83458026092,BASALT,TRAIN,1,43d1,fam_11a1b4c8f310
sg_a88087c7b4fc,BASALT,TRAIN,1,hsdp115,fam_8e8504ff8f2a
sg_a88b4a69bf1e,BASALTICANDESITE,TRAIN,1,rag2,fam_07fb6933040e
sg_a891a7f327b2,BASALT,TRAIN,1,ow2521,fam_b93423ae3fd2
sg_a9324139d3f1,RHYOLITE,TRAIN,1,boone901,fam_424c0e0fe703
sg_a9543fe82d52,BASALT,TRAIN,1,r734,fam_07b1d83fc0eb
sg_a99e6747026a,RHYOLITE,TRAIN,1,vh24,fam_5fbdaae01b47
sg_a9e369dd4592,BASALT,TRAIN,1,sk208,fam_aab3c9777870
sg_a9f42d08a7c2,BASALT,TRAIN,1,r502,fam_40e525aff4aa
sg_a9f91e3a7b55,BASALT,TRAIN,1,72d1,fam_9709550984bf
sg_aa16db193363,BASALT,TRAIN,1,11d1,fam_8b78e6c5bebe
sg_aa4a5ea42680,RHYOLITE,TRAIN,1,dkm2390,fam_d9d6cedd79c0
sg_aaf753d10085,RHYOLITE,TRAIN,1,2000a,fam_91ecfbd18633
sg_aaffe617df3b,BASALT,TRAIN,1,203m,fam_a25ffdd641db
sg_ab32b73860c1,BASALT,TRAIN,1,hsdp158,fam_06fd2ae48e94
sg_ab641c7e1dd5,BASALT,TRAIN,1,ldm85,fam_9bd97f8301cb
sg_ab6a82c78555,RHYOLITE,TRAIN,1,rrdh5,fam_c06b2da77af3
sg_ab7210f8a8da,BASALT,TRAIN,1,hsdp125,fam_0e9ae52bb820
sg_abd196dd30bf,BASALT,TRAIN,1,19d43,fam_eafa097c152a
sg_abeb74dbc7c5,BASALT,TRAIN,1,sk174,fam_d907f0823fc0
sg_ac2d55017626,BASALT,TRAIN,1,r694,fam_45416fe1e4ac
sg_ac3f40544783,BASALT,TRAIN,1,hsdp149,fam_f604b41c3741
sg_ac555024ba28,BASALTICANDESITE,TRAIN,1,ldm83,fam_6093382d5f82
sg_adeec8e85613,BASALT,TRAIN,1,r451,fam_3a3d10cc75ba
sg_ae4fd886f4a0,BASALT,TRAIN,2,hsdp65|hsdp65a,fam_69fa209f7301
sg_ae78308204e9,BASALT,TRAIN,1,iahc5,fam_3984e68ee662
sg_ae7daf3c5fdd,RHYOLITE,TRAIN,1,vh23,fam_f77bb999d5a0
sg_aec9b54c8f3e,RHYOLITE,TRAIN,1,dkm3090,fam_872f35996467
sg_af0ddd9b8827,BASALT,TRAIN,1,hsdp268a,fam_d0930b61a63d
sg_af7d656487ab,BASALT,TRAIN,1,hsdp228,fam_5884882e04f3
sg_afb565d1b993,BASALT,TRAIN,1,frt8470,fam_70e2a04b2784
sg_afc9581e6fe1,BASALT,TRAIN,1,hsdp147,fam_72512e49c119
sg_afc9ffb7840e,BASALT,TRAIN,1,sk176,fam_3556d9fd346f
sg_affdb813b2bf,TRACHYANDESITE,TRAIN,1,iahcs5,fam_cd13a97a83ee
sg_b08ac1ac46d6,BASALT,TRAIN,1,whks0307,fam_f0783f9119ea
sg_b0c2851d003f,BASALT,TRAIN,1,mg0a,fam_7c0230a4845e
sg_b0eaac7c44dc,RHYOLITE,TRAIN,1,kn181600,fam_e56d79a28a87
sg_b1010444f5c0,RHYOLITE,TRAIN,1,gl6mt,fam_f8fa845261ca
sg_b19f7634ea7b,BASALT,TRAIN,1,hsdp160a,fam_af154d11a93a
sg_b1ba1414ad3f,BASALT,TRAIN,2,hsdp53|hsdp53a,fam_87b2f70ca885
sg_b1dbbf721905,BASALTICANDESITE,TRAIN,1,rwk1,fam_0588fc60f63c
sg_b1fbf06e633d,BASALT,TRAIN,1,hsdp110a,fam_3217bf9f8a2c
sg_b21bd48cb78e,BASALT,TRAIN,1,36d2,fam_670d9f24ff9b
sg_b2333f6a0f40,BASALT,TRAIN,1,rsl3,fam_1945b2e45c0d
sg_b2a2b23b89ea,BASALT,I_V,1,43d14,fam_677c623d7d50
sg_b2ccfb58e022,RHYOLITE,TRAIN,1,cro902,fam_1d2af590a01a
sg_b39fb4b20c99,TRACHYANDESITE,TRAIN,1,g5mt,fam_6f0d47381e8c
sg_b43303696620,BASALT,X_T,1,ml287,fam_9589fa823c9a
sg_b45214ccb9a5,RHYOLITE,X_V,1,iahee8,fam_e359334708ea
sg_b4618d6a73db,TRACHYANDESITE,X_V,1,iahf3,fam_1ec49319c7cd
sg_b488bb56a4fa,BASALT,TRAIN,1,kaupoflow,fam_3e150f9c35f1
sg_b49df7c87213,BASALT,TRAIN,3,hsdp46a|hsdp46aa|hsdp46b,fam_ca43488d7a8b
sg_b4ac19f1e160,BASALT,TRAIN,1,iahc4,fam_fa5fd0ef39e7
sg_b4b8944bd48c,BASALT,TRAIN,1,hsdp291a,fam_ae7bb1cb97f9
sg_b4ff3c7c43f6,BASALT,TRAIN,1,50d63,fam_81b8a552352a
sg_b5386cbf08e8,BASALT,TRAIN,1,hsdp343e,fam_7a60a715dd19
sg_b543fffd8d48,BASALT,TRAIN,1,sw91,fam_81516350118a
sg_b574e89407b8,BASALT,TRAIN,1,28d26,fam_ab14d5c3c7ee
sg_b59eecddab69,TRACHYANDESITE,TRAIN,1,ldm100,fam_3a6b01fb82b2
sg_b6474c5de2e7,BASALT,TRAIN,1,rwv862,fam_3e6255c34c39
sg_b6624ad16f57,BASALT,TRAIN,1,hsdp316a,fam_86e25c330736
sg_b6f98e994f20,BASALT,TRAIN,1,23d8,fam_115714380801
sg_b7357fb84233,BASALT,TRAIN,1,6d59,fam_f1f1d76b97fc
sg_b73dce8c2091,TRACHYANDESITE,TRAIN,1,g13mt,fam_98e0aed2d607
sg_b7881cc478da,TRACHYANDESITE,X_T,1,iahds1,fam_69635780d656
sg_b791a274a910,TRACHYANDESITE,TRAIN,1,g16mt,fam_a2fc73294588
sg_b7c87d0ebd54,BASALT,TRAIN,1,guwbm,fam_9adde669db31
sg_b86973f495e9,BASALT,TRAIN,1,hsdp338,fam_d793555cee0e
sg_b8ab7421cf5e,BASALT,TRAIN,1,54d2,fam_5d8d642201d9
sg_b907454790b5,BASALT,TRAIN,1,hsdp95,fam_1299b05dfb43
sg_b925076ff4fb,BASALT,TRAIN,1,ml31,fam_4a7ed7346414
sg_b9a22e4ebdd0,BASALT,TRAIN,1,ml288,fam_ee69be1b9660
sg_ba5ac9ba71df,BASALTICANDESITE,TRAIN,1,ow2596,fam_b56ec4b87ce9
sg_ba7b77149273,RHYOLITE,TRAIN,1,buck902,fam_545614bf2cb2
sg_babcdcd641bf,BASALT,TRAIN,1,ml34,fam_5f31e1763b05
sg_bae171c09ebe,BASALT,TRAIN,1,sw120,fam_869f4a208eae
sg_bb6bcb9a6b57,TRACHYANDESITE,TRAIN,1,ao12,fam_9545ebdc849e
sg_bc51f0f9509c,BASALT,TRAIN,1,44d6,fam_c5c38aa508b0
sg_bc75dc94a7f8,BASALT,TRAIN,1,hsdp325c,fam_20c8bbc1a17b
sg_bcada0c45ec7,BASALT,TRAIN,1,iahg13,fam_3bc1ee4cd620
sg_bcc09a64b229,BASALT,I_T,1,w12,fam_c9f0ec5c99dd
sg_bcd54de4d47f,TRACHYANDESITE,TRAIN,1,g20mt,fam_7c2a92451b23
sg_bd0d2c95561b,BASALT,TRAIN,1,21d35,fam_452edbaae52d
sg_bdb2ff9c784c,BASALT,TRAIN,1,hsdp315,fam_467f36ece4ab
sg_be0ed152386d,BASALT,TRAIN,1,hsdp266,fam_83f9a4066e72
sg_bedc744d0b9c,TRACHYANDESITE,I_V,1,suny67,fam_5cc9b3dee38f
sg_bef6e3e4c445,BASALT,TRAIN,1,sk220,fam_517ff4e1e931
sg_bf2f4a3c18b7,BASALT,TRAIN,1,hsdp283a,fam_983952101626
sg_bf90a7cce1c6,TRACHYANDESITE,TRAIN,1,19p5,fam_ce74e76ca0c5
sg_bfaea1df6a23,BASALT,TRAIN,2,umass1856a|umass1856b,fam_4e7916ae159a
sg_bfe0dce4eefd,BASALT,TRAIN,1,kv0423,fam_587208879ac6
sg_bff9c03a9f7a,TRACHYANDESITE,TRAIN,1,iahf10,fam_194215bc7de8
sg_c012d8b3ae11,BASALTICANDESITE,TRAIN,1,ner2461,fam_a1cad8bdf679
sg_c02477e0bcaa,BASALT,TRAIN,1,47d48,fam_8370a56548a0
sg_c02772e9d17e,BASALT,TRAIN,1,ml190,fam_7d62e9b6579b
sg_c13c1f4f7590,BASALT,TRAIN,2,hsdp9|hsdp9a,fam_93f88a9d8884
sg_c174986ec450,BASALT,TRAIN,2,hsdp98|hsdp98a,fam_b1e612b8f585
sg_c17531b32b2e,BASALT,TRAIN,1,pbm3,fam_461f784a1ad9
sg_c1ad331ee16f,BASALT,TRAIN,1,60d1,fam_01323f4b4608
sg_c1eab637f105,BASALT,TRAIN,1,rsl2,fam_5a6b53b0ed91
sg_c210860d5772,BASALT,TRAIN,2,hsdp70|hsdp70a,fam_48792bfacd11
sg_c232ed7c0de9,RHYOLITE,TRAIN,1,ic892,fam_d71b3284d842
sg_c24e67dcaab9,BASALT,TRAIN,1,ow2442,fam_b5e7888b74e8
sg_c2581fd8facc,BASALT,TRAIN,1,hsdp104,fam_ecba316eaef6
sg_c2fc8bb6c02c,BASALT,TRAIN,1,hsdp54,fam_be41d0cd7685
sg_c355712a29ae,TRACHYANDESITE,X_T,1,iahbs3,fam_e40c4f1ce80c
sg_c363b4c08f39,BASALT,TRAIN,1,tt632982,fam_67bcac052fcf
sg_c3bcdb1d5e00,BASALT,TRAIN,2,hsdp7|hsdp7a,fam_8249b248efc5
sg_c3c7f6012af2,BASALT,TRAIN,2,hsdp88|hsdp88a,fam_48acf8b488a3
sg_c3e01f1d1de5,BASALT,TRAIN,2,hsdp22|hsdp22a,fam_666c420909a0
sg_c3eec5ff026a,BASALT,TRAIN,2,hsdp26|hsdp26a,fam_a066682157ad
sg_c441625f2c10,BASALT,TRAIN,1,hsdp138a,fam_4321011b626d
sg_c441757ed8c3,BASALT,TRAIN,1,iahe6,fam_e0afb950d3fd
sg_c4b23c32eab0,BASALT,TRAIN,1,tt1758d5,fam_c65bd14a5f2f
sg_c4c01e5a382f,BASALT,TRAIN,1,ow2544,fam_f2fbf546cc04
sg_c56cb64d0f96,BASALT,TRAIN,1,mg4ak,fam_f403200ab548
sg_c584dee87785,TRACHYANDESITE,I_V,1,ldm238,fam_42004c6cd824
sg_c59dc58b7231,BASALT,TRAIN,1,43d0a,fam_f89ac3eddd43
sg_c61e96ab2b88,BASALT,TRAIN,1,hsdp113,fam_9e1be9d76fd4
sg_c70fd712a9ed,BASALT,TRAIN,1,iahd3,fam_d6cde7b813e9
sg_c71db0365492,BASALT,TRAIN,1,w3,fam_2dda784cf25c
sg_c7553d0b04fe,BASALT,TRAIN,1,43d15,fam_1de50e2baa7f
sg_c770817426fd,BASALT,TRAIN,1,18d1a,fam_8546a4a71ff2
sg_c782b3dde914,BASALT,TRAIN,1,pbsg,fam_e6bdc26d0f61
sg_c7a48996b553,BASALT,TRAIN,1,1d13,fam_2ca3a8492f96
sg_c7e18b04cc32,BASALT,TRAIN,1,ml88,fam_56d43a2474d7
sg_c803a171be08,BASALT,TRAIN,1,mg7a,fam_c9c916e43d75
sg_c86ec50e43da,TRACHYANDESITE,I_T,1,bk2,fam_9439fc1955ce
sg_c89ab5cfd253,BASALT,TRAIN,1,sw53,fam_7269a2c01946
sg_c8cbbea47da2,BASALTICANDESITE,I_V,1,vh45,fam_59d09326afad
sg_c8f0b9cc75a0,BASALT,TRAIN,2,hsdp71|r170,fam_04b9b46d9353
sg_c96d8823d1f0,BASALT,TRAIN,1,iahc2,fam_2759a4fd394b
sg_c97e21d8a3d9,BASALT,TRAIN,1,hsdp134,fam_61d07a218db6
sg_c98d7865d2f7,TRACHYANDESITE,TRAIN,1,iahf2,fam_db88bd808924
sg_c99c4d191322,BASALT,TRAIN,1,hsdp107a,fam_7e004f737d27
sg_c9b01c05b48a,BASALT,TRAIN,1,rde1,fam_e294e8adc07c
sg_c9cf5a2a0114,BASALT,TRAIN,1,m13,fam_b254e964f522
sg_cac67493a287,BASALT,TRAIN,1,ml41,fam_1dab20969081
sg_caf6cbcb8bb8,TRACHYANDESITE,X_T,1,iahcs7,fam_5c7a48fb6c86
sg_cb02858f8bc5,BASALT,TRAIN,1,iah217,fam_e867109fa168
sg_cb09a5af884d,BASALT,TRAIN,1,umass1858,fam_a6f3c58c80e3
sg_cb2fcaa4177b,RHYOLITE,TRAIN,1,kn1a11522,fam_1847b81624cb
sg_cb4648674ab4,RHYOLITE,TRAIN,1,ps1,fam_c01e011e7cbf
sg_cb7201ec5f67,BASALT,TRAIN,1,sk206,fam_951cf4e489c4
sg_cbb9236b74d3,RHYOLITE,TRAIN,1,940af,fam_597afd982d08
sg_cbf103e471aa,BASALT,TRAIN,1,hsdp162,fam_2cddbeeafb59
sg_cc9478317ace,BASALT,TRAIN,1,hsdp102,fam_bf58840d504b
sg_cca618444872,BASALT,TRAIN,1,iahds2,fam_62d454fcc837
sg_ccc412a51a40,BASALT,TRAIN,1,6d23,fam_169964a66974
sg_cd0ea40e0b84,BASALT,TRAIN,1,hsdp68,fam_883d1765c45f
sg_cd116c0d6ffe,BASALT,TRAIN,2,hsdp49|hsdp49a,fam_42fe55b31b46
sg_cd1ff0869c25,BASALT,TRAIN,1,65d13,fam_5ecac9dbaab6
sg_cd51fce979d6,BASALT,TRAIN,1,ldm274,fam_3fcb2e80decc
sg_cd9385893304,BASALTICANDESITE,I_V,1,ldm8,fam_f54033d8f194
sg_cdb33338dfc5,BASALT,TRAIN,2,hsdp8|hsdp8a,fam_272e6afa37e3
sg_cdbbfc956156,RHYOLITE,TRAIN,1,vh7,fam_939745b9e3d5
sg_cdda43b429fa,BASALT,TRAIN,1,10d7,fam_bb08b4fd970d
sg_ce1d7e31531b,BASALT,TRAIN,1,ner2846,fam_424d01a53863
sg_cea773572d97,BASALT,TRAIN,1,iahi8,fam_8e78bee585b6
sg_cf86df3ab65a,BASALTICANDESITE,TRAIN,1,vh95p,fam_3d9cfaeb93d8
sg_cfb0ba0cf449,BASALT,TRAIN,1,stbk0305,fam_83d6867fb9ee
sg_cfd46031fc67,BASALT,TRAIN,1,21d1,fam_895947c25a3d
sg_cff454fe2d0b,BASALT,TRAIN,1,uh02186d,fam_d1499c450601
sg_d0f60768708d,BASALT,TRAIN,1,55d17,fam_77e95a0931c1
sg_d1249e4845b8,BASALTICANDESITE,TRAIN,1,vh50,fam_cbfdbf2dadd1
sg_d170265d8436,BASALT,TRAIN,1,r117,fam_1a68fa06c7c0
sg_d232a6249d20,BASALT,TRAIN,1,ner1511,fam_ee77c95a02eb
sg_d27b5704f318,BASALT,TRAIN,1,sk210,fam_182078ced60d
sg_d29f632d9368,BASALT,X_T,1,iahe2,fam_03747e4c8fad
sg_d29ff74f592a,BASALT,TRAIN,1,w14k,fam_c6292464cd24
sg_d36cd2dd0aad,BASALT,TRAIN,1,hsdp249,fam_65c167fb7071
sg_d3e17370a1c0,BASALT,TRAIN,1,60d29,fam_c848b2cbde63
sg_d45613042287,BASALT,TRAIN,1,whks0306,fam_b02c0f358cab
sg_d491b3c49496,TRACHYANDESITE,TRAIN,1,ldm9,fam_6ea41e8f3ffd
sg_d4bab10ade6f,BASALT,TRAIN,1,rsf1,fam_0a9423a9d3d5
sg_d4e3fa3e15ef,RHYOLITE,TRAIN,1,tr2964a,fam_63f155727471
sg_d4fb4bb7b480,BASALT,TRAIN,1,hsdp78,fam_dc45ef658af6
sg_d5a6d43f46d5,BASALT,TRAIN,1,hsdp224a,fam_2fcad49efc49
sg_d672a825161d,BASALT,TRAIN,1,hsdp4,fam_020f677b8cd6
sg_d67aabf01bcc,BASALT,TRAIN,1,rdv14,fam_eca1e0685272
sg_d6f01084d2e4,RHYOLITE,TRAIN,1,snp964,fam_bcfecc4f5bfb
sg_d743679f1ee9,BASALT,TRAIN,1,umass1836,fam_6e6be5d78d00
sg_d7673dd275e2,BASALT,TRAIN,1,umass18511,fam_54041faa4ac2
sg_d82bac1bcac4,BASALT,X_T,1,iahg8,fam_f884a2b235ca
sg_d84bc6f5562b,TRACHYANDESITE,TRAIN,1,ldm186,fam_ed9b5f0fa611
sg_d86cfba2e79f,BASALT,TRAIN,1,hsdp101,fam_fc6bcb2c7f8c
sg_d8c757455628,BASALT,TRAIN,1,hsdp52,fam_2fdb6cbae43e
sg_d8f32bbb1757,BASALT,TRAIN,1,ldm146,fam_59d2f7d4d44d
sg_d92f3c80bd36,BASALT,TRAIN,1,hsdp336ca,fam_268535fb4b4f
sg_d9662d4cb368,BASALT,TRAIN,1,hsdp14,fam_52f54f503cdd
sg_d96ad6b14e9d,BASALTICANDESITE,X_V,1,iahas1,fam_1577473cf302
sg_d97f3c69f658,RHYOLITE,TRAIN,1,c12ma188,fam_183ab7678817
sg_d9c54088d6d7,TRACHYANDESITE,X_T,1,iahf4,fam_5614dff918e2
sg_d9d8e77f7d5f,RHYOLITE,TRAIN,1,c12ma207,fam_79677ea32429
sg_da042a30ea4e,TRACHYANDESITE,X_T,1,iahh2,fam_7d6cd3926de4
sg_da04c8bd1c52,BASALT,TRAIN,1,mg6a,fam_77ce660a5723
sg_da3c3a3a5157,BASALT,TRAIN,1,hsdp69,fam_557760b06c8c
sg_da441f5edd58,BASALT,TRAIN,1,ben,fam_73675debcd8a
sg_da490a69b702,BASALTICANDESITE,I_T,1,ldm228,fam_8ba1e3026a11
sg_da6e5b502771,BASALT,TRAIN,1,hsdp161,fam_03810fb6b760
sg_da9a208b11fd,BASALT,TRAIN,1,tt63306,fam_82f5ac90145a
sg_dab6239c7384,BASALT,TRAIN,1,68d43,fam_89b23f6637f3
sg_dac2420bc6a6,BASALT,TRAIN,1,41d37,fam_395fb8150885
sg_dad53502c9ac,RHYOLITE,I_V,1,snp968,fam_ddc381301c8c
sg_db1db33c51e3,BASALT,TRAIN,2,hsdp43|hsdp43a,fam_0bf07408b09e
sg_db8ee9c14586,BASALT,TRAIN,1,sk201,fam_1cc9d193c676
sg_dc7c9349910b,BASALT,I_T,1,tt63297,fam_4f155e07991d
sg_dc9dabf4b489,BASALT,TRAIN,1,hsdp165,fam_643b939b8c88
sg_dc9e9a6c084c,BASALT,TRAIN,1,68d6,fam_12eb9b1535d2
sg_dd35787e61fe,RHYOLITE,TRAIN,1,vh4,fam_fd7498e33232
sg_dd8b8fd022bb,RHYOLITE,TRAIN,1,kn18151155,fam_0a23ffdc7951
sg_ddc61987da4a,BASALT,TRAIN,1,216m,fam_0e39ebaac0af
sg_dde7d15623f0,BASALT,TRAIN,1,37d2,fam_17e92143782d
sg_de43b6184076,BASALT,TRAIN,1,rdv1,fam_e39d6c2a33cd
sg_dee12d68f738,BASALT,TRAIN,1,41d22,fam_13f85d619fd3
sg_dee2fe205355,RHYOLITE,TRAIN,1,rgm1mb,fam_8f867398a213
sg_df56ac5b9d40,BASALT,TRAIN,1,hsdp58,fam_a30639c072a4
sg_df8ea5454aa9,BASALTICANDESITE,I_V,1,rki1,fam_746efde876a0
sg_dfd73d1618c1,BASALT,TRAIN,1,11d2,fam_5f72929371c5
sg_e012f5a494c7,BASALT,TRAIN,1,ml285,fam_389bf3dd401e
sg_e01c5d77c5ec,BASALT,TRAIN,1,ner313,fam_fd0960c02e16
sg_e068b88ae3d8,BASALT,TRAIN,1,umass1855,fam_c11ea1cc8474
sg_e09624596d5b,BASALT,TRAIN,1,8d19,fam_0936b40f2bf0
sg_e0a9a16be06f,BASALT,TRAIN,1,umass18412,fam_b33453c82f19
sg_e0d617dbd3c0,RHYOLITE,TRAIN,1,t10ct046a,fam_66372e8688c3
sg_e0e7f22b773b,BASALTICANDESITE,TRAIN,1,ldm91,fam_aeeb888aef96
sg_e13573442c8a,BASALT,TRAIN,1,umass18510,fam_6b0422314ab1
sg_e141c7892fbc,RHYOLITE,TRAIN,1,ner186,fam_af77bff7fc38
sg_e19865b6e656,BASALT,TRAIN,1,8d5,fam_e3a1103db22c
sg_e1c7ab968d4f,BASALT,TRAIN,1,iahg6,fam_b74a17ef5342
sg_e2238d3dcc5c,BASALT,TRAIN,1,hsdp336e,fam_36c453a86eb8
sg_e260c5a44a47,TRACHYANDESITE,TRAIN,1,kn211405,fam_c54a86328bc8
sg_e27b99d2262e,BASALT,TRAIN,1,w8,fam_04a80b487701
sg_e285b9c68d16,BASALTICANDESITE,TRAIN,1,215m,fam_49e1dec11f4c
sg_e2d02e948e54,BASALTICANDESITE,X_T,1,iahi10a,fam_5b79c0d1bcfc
sg_e2eed4138e81,BASALT,TRAIN,1,hsdp344b,fam_c898ca9a5c87
sg_e3391ac5b85f,BASALT,TRAIN,1,sk213,fam_2102f31d960a
sg_e35b083932df,BASALT,TRAIN,1,cobb,fam_2b794d1cb2bb
sg_e3a7fc02947f,BASALT,TRAIN,1,tt1758d11,fam_c94b1f4d3c84
sg_e3bd2bded41e,BASALT,TRAIN,1,iah341,fam_7d6bc8984a98
sg_e4e1beb937a3,BASALT,TRAIN,1,70d24,fam_21784770af53
sg_e56497bfe857,BASALT,TRAIN,1,sk209,fam_ffedc362d896
sg_e59e4741a5b5,BASALT,TRAIN,1,roza891,fam_396edb93649c
sg_e5c0f30e0496,RHYOLITE,TRAIN,1,rr892,fam_a854d09c6168
sg_e66122623dd4,BASALT,TRAIN,1,w13,fam_adc78f784c9d
sg_e66aec104211,BASALT,TRAIN,1,hsdp85,fam_e4347473309b
sg_e678c880c558,BASALT,TRAIN,1,rfg1,fam_639a6c5264e1
sg_e6a10a2481b1,RHYOLITE,TRAIN,1,vh97,fam_39c8d1b84b34
sg_e70e15ba3ab2,BASALT,TRAIN,1,41d42,fam_504797ffbc64
sg_e8bf91800e48,BASALT,TRAIN,1,hsdp215,fam_b50d501953dc
sg_e8c0548a1601,RHYOLITE,TRAIN,1,kn1815154,fam_69cb8456bb20
sg_e93fbc0447fa,BASALT,TRAIN,1,hsdp145,fam_777e8efe3bde
sg_e959a405d647,BASALTICANDESITE,X_T,1,ldm176,fam_925b9afe747c
sg_e97696d25180,BASALT,TRAIN,1,tt53122,fam_a3ddefce6198
sg_e97f837797bf,BASALT,TRAIN,1,iahee14,fam_a30207ec9df7
sg_e9cda6b3dc34,BASALT,TRAIN,1,r103,fam_8584170b9cc0
sg_e9f56a3e224d,BASALT,TRAIN,1,hsdp86,fam_fa431bf65f37
sg_e9ff16d2abea,BASALT,TRAIN,1,r427,fam_5b94198e846e
sg_ea3b1dcc5eb2,BASALT,TRAIN,1,pw1,fam_02c593fd9af8
sg_ea6f8fc3ce94,BASALT,TRAIN,1,sw10,fam_7316668dd944
sg_eaf000e0977f,BASALT,TRAIN,1,w19,fam_89510a02238e
sg_eb5ed413316a,BASALT,TRAIN,1,uh02213,fam_c2afad2034c9
sg_eb73dc95e313,RHYOLITE,X_T,1,050a,fam_550479b220b8
sg_eb92ef03fce6,BASALT,TRAIN,1,hsdp170,fam_c4ab4038ae01
sg_ec351c0f8b85,BASALT,TRAIN,1,hsdp90,fam_a99fa25e8c5a
sg_ec569d2ef589,BASALT,TRAIN,1,umass1834,fam_b04978ea6ee4
sg_ec5dbf1b4c98,BASALT,TRAIN,1,rwv861,fam_52d634d8d5f0
sg_ec7071523cdc,BASALT,TRAIN,1,rco2,fam_d104d06e6a6b
sg_ec7e4f16fdad,RHYOLITE,TRAIN,1,snp966,fam_ce66b29cd692
sg_ed27d0b18ba8,BASALT,TRAIN,1,hsdp5,fam_35872485878a
sg_edf469af5459,BASALT,TRAIN,2,hsdp40|hsdp40a,fam_2a852bdefa27
sg_ee04932876f4,BASALT,TRAIN,1,r128,fam_2b3a45c5855e
sg_ee87d2c06f94,BASALT,TRAIN,1,frt8459,fam_5d58d4f7a4d8
sg_eecf5c165e9e,BASALT,TRAIN,1,r142,fam_e76e611fd08b
sg_ef0c3fcf310d,BASALT,TRAIN,1,70d50,fam_f6f687350185
sg_ef103bac62f5,RHYOLITE,TRAIN,1,c10ma003,fam_be9d2efba87c
sg_ef2dfd5764fd,BASALT,TRAIN,1,ner1621,fam_255f1e7eef98
sg_ef521f83b4c7,BASALT,TRAIN,1,72d15,fam_de8e318e9d73
sg_ef8de9b49045,BASALT,TRAIN,1,rsl4,fam_e56a196db9aa
sg_f045ccac0a15,BASALT,TRAIN,1,sw36,fam_6d317681190c
sg_f05c42e422c8,BASALT,TRAIN,1,umass1833,fam_2a7687e410aa
sg_f070edd34885,BASALT,I_V,1,hsdp140,fam_c58ac8a72086
sg_f0ad12e75497,BASALT,TRAIN,1,sk205,fam_8f603de9a025
sg_f0f02fc546af,BASALT,TRAIN,1,ml223,fam_a74b9159100f
sg_f111672faea6,BASALT,TRAIN,1,hsdp135a,fam_f6ff898cb7f8
sg_f18fadb81138,BASALTICANDESITE,I_T,1,vh93d,fam_e6e7c96bebac
sg_f21ebf7d4c22,BASALT,TRAIN,1,rsl6,fam_67f4cb0031fd
sg_f22decf9ce0b,BASALT,TRAIN,1,77d7,fam_09e32e4e5cdc
sg_f24d5de1a3e4,BASALT,TRAIN,1,stbk0304,fam_1ba932cdbb9b
sg_f262b6dcf623,BASALT,TRAIN,1,ml91,fam_d3be43e034af
sg_f26c784931e9,BASALT,TRAIN,1,hsdp309c,fam_df9e466fc96e
sg_f275ef1dd8e4,BASALT,TRAIN,1,hsdp320a,fam_3e6a0b643faf
sg_f2b14232f9b0,BASALTICANDESITE,TRAIN,1,vh98pi,fam_0a7bfcd70b30
sg_f2cdd1810d94,RHYOLITE,TRAIN,1,kn6b10362,fam_ad231e20f67e
sg_f2ce438f7efd,BASALT,TRAIN,1,r75,fam_e4c8561f2bf0
sg_f3299b6cfa0a,BASALT,TRAIN,1,umass1838,fam_ceb6683508f6
sg_f386de11cca0,BASALT,TRAIN,1,umass1842,fam_10d11faaceee
sg_f3efa95eb21f,RHYOLITE,TRAIN,1,vh2,fam_8a4f560497b0
sg_f426b700f769,BASALT,TRAIN,1,iahdiabase2,fam_4c460d1b6228
sg_f451a3f1f988,BASALT,TRAIN,1,vh40,fam_6ea0485eb822
sg_f488fd61cdd4,BASALT,TRAIN,1,roza8736,fam_522906777110
sg_f50d071cdbb5,BASALT,TRAIN,1,w18,fam_139d013d2034
sg_f551831c1c8f,BASALT,TRAIN,1,20d25,fam_88112af625f4
sg_f5c50ae7f9ba,BASALT,TRAIN,1,iahg3,fam_0a8002a5d284
sg_f5c5c4b56de9,BASALT,TRAIN,2,hsdp94|hsdp94a,fam_be672ac6af3f
sg_f602e245de12,BASALT,TRAIN,1,hsdp99,fam_ee0ce7c468f4
sg_f618248f4805,BASALT,TRAIN,1,34d1,fam_966136fdf0d4
sg_f6a37db4b258,BASALT,TRAIN,1,r865,fam_1eb2965d0ecc
sg_f6d3af5faa48,BASALT,TRAIN,1,umass1845,fam_80747ae04320
sg_f6def7e66bb7,BASALT,TRAIN,1,sk215,fam_2a97070dfa06
sg_f79e88a42e0b,BASALT,TRAIN,1,26d8a,fam_589fee440dbc
sg_f7fa74bcce29,BASALT,TRAIN,1,hsdp119a,fam_fe747171de89
sg_f810a5966c8d,BASALT,TRAIN,1,hsdp280,fam_c1ba92aa5a34
sg_f85aa8b332e6,BASALT,TRAIN,1,15d30,fam_378d464ddf20
sg_f8ab79417166,RHYOLITE,TRAIN,1,vh28,fam_83e7fbb0494a
sg_f8ec8b3b677d,BASALT,TRAIN,1,vh48,fam_f6e08bd7ad06
sg_f91a6474512b,BASALT,TRAIN,1,vh100po,fam_9c90ea4f4c97
sg_f92aab08b92d,BASALT,TRAIN,1,hsdp116a,fam_a381ca137213
sg_fae9d8c4092a,RHYOLITE,TRAIN,1,tr3500b,fam_7731de6ab31b
sg_fb03952a164d,BASALT,TRAIN,1,hsdp130a,fam_8c02e789354f
sg_fb446460028b,BASALT,TRAIN,1,83m,fam_1675abd6e7e6
sg_fb514abe8f04,BASALT,TRAIN,1,hsdp103,fam_c42bc5358081
sg_fb55d96c3e57,BASALT,TRAIN,2,mg2|mg2b,fam_8e1009469406
sg_fb56128fee6d,BASALT,TRAIN,1,vh42,fam_017bd531fc40
sg_fbe2cabdd648,BASALTICANDESITE,X_V,1,iahee16,fam_28e6f85c28e0
sg_fc0c332c443e,RHYOLITE,TRAIN,1,1596a,fam_53eb70aa05c8
sg_fc1a0ef269a8,BASALT,TRAIN,1,tt153104,fam_8e152d83ffc3
sg_fc3fbb20f581,BASALTICANDESITE,TRAIN,1,ldm271,fam_836ffc356c7f
sg_fc604f359339,BASALT,TRAIN,1,hsdp137,fam_08ea1ed15b46
sg_fcb28d1a70b2,BASALT,TRAIN,1,hsdp13,fam_30096325ede3
sg_fce6c930dc9d,BASALT,TRAIN,1,hsdp310ea,fam_9ed45bd63376
sg_fce9b1d790eb,BASALT,TRAIN,1,hsdp251,fam_3bbc3122a2e9
sg_fd1909d87a5d,BASALT,TRAIN,1,hsdp203,fam_4ac482e350c6
sg_fd1b513ef447,BASALT,TRAIN,1,hsdp97,fam_1797109e7ff8
sg_fd3ce595d208,TRACHYANDESITE,TRAIN,1,ldm194,fam_5dfcf2d0f564
sg_fd40b6cc9e29,BASALT,TRAIN,1,hsdp41,fam_1eea2de46b26
sg_fd4f5ba9041b,BASALT,TRAIN,1,hsdp143,fam_54b7aaacdf8c
sg_fd91e6501822,BASALT,TRAIN,1,hsdp142a,fam_d537f21f17a0
sg_fd96938826db,BASALT,TRAIN,1,r108,fam_d5ae5a316557
sg_fdad8264c312,BASALT,TRAIN,1,iah230mdwh,fam_d6190e54272e
sg_fdf7edf3b11e,BASALT,TRAIN,2,hsdp47|hsdp47a,fam_fba47bd10475
sg_ff128652fa52,BASALT,TRAIN,1,rli1,fam_dfcc29e0a150
sg_ff4e8f438d10,BASALT,TRAIN,1,hsdp236,fam_9d5989e8e592
sg_ff8bbbaa9de1,BASALT,TRAIN,1,ml86,fam_6c6502205c58
sg_ff95f4ba3dda,RHYOLITE,TRAIN,1,rr8524,fam_8864e18b4628
sg_ffbff290e38f,RHYOLITE,TRAIN,1,1183b,fam_d7b3277b462d
